session,matching_seed,repetition,pipeline_success,pattern_pass,chan_dom_L_min,chan_dom_L_mean,chan_dom_R_min,chan_dom_R_mean,late_L_d_minus_i,late_L_i_minus_dR,late_R_d_minus_i,late_R_i_minus_dL,min_required_margin,control,error,pass_choice_left,pass_choice_right,pass_left_direct,pass_left_indirect,pass_right_direct,pass_right_indirect,n_criteria_passed,criteria_pass_fraction,criteria_pass_percent,n_units,n_assigned_units,corr_drop,label_agreement,n_trial_entries,n_unique_trials
Hench_2017-06-18,2.0,0,True,False,,,,,,,,,,isi_shuffle,,False,False,False,False,False,False,0,0.0,0.0,,,,,,
Hench_2017-06-18,2.0,1,True,False,,,,,,,,,,isi_shuffle,,False,False,False,False,False,False,0,0.0,0.0,,,,,,
Hench_2017-06-18,2.0,2,True,False,,,,,,,,,,isi_shuffle,,False,False,False,False,False,False,0,0.0,0.0,,,,,,
Hench_2017-06-18,2.0,3,True,False,,,,,,,,,,isi_shuffle,,False,False,False,False,False,False,0,0.0,0.0,,,,,,
Hench_2017-06-18,2.0,4,True,False,1.5153938514116116,2.014242031610179,1.341066735344286,2.0142420316101792,-0.24857127493387898,0.19598472991451446,-0.36901447376607854,-0.6133866320378276,-0.6133866320378276,isi_shuffle,,True,True,False,True,False,False,3,0.5,50.0,,,,,,
Hench_2017-06-18,2.0,5,True,False,1.4270330515766767,2.343501416695536,2.0839920767506532,2.3435014166955352,0.38884274660091434,0.1115997917764415,-0.1492587198537656,0.33245069144823924,-0.1492587198537656,isi_shuffle,,True,True,True,True,False,True,5,0.8333333333333334,83.33333333333334,,,,,,
Hench_2017-06-18,2.0,6,True,False,2.3292348000049894,2.552817946689563,2.0475687523580883,2.552817946689562,-0.28384484559580003,-0.04769456821473543,-0.026603775681920627,0.3450320241265583,-0.28384484559580003,isi_shuffle,,True,True,False,False,False,True,3,0.5,50.0,,,,,,
Hench_2017-06-18,2.0,7,True,False,,,,,,,,,,isi_shuffle,,False,False,False,False,False,False,0,0.0,0.0,,,,,,
Hench_2017-06-18,2.0,8,True,False,0.9183444482765413,1.795768203767417,1.2371219599124905,1.795768203767416,-0.37640473241616346,-0.15114918703107919,-0.13062740986400834,-0.033692146033456605,-0.37640473241616346,isi_shuffle,,True,True,False,False,False,False,2,0.3333333333333333,33.33333333333333,,,,,,
Hench_2017-06-18,2.0,9,True,False,,,,,,,,,,isi_shuffle,,False,False,False,False,False,False,0,0.0,0.0,,,,,,
Hench_2017-06-18,2.0,10,True,False,,,,,,,,,,isi_shuffle,,False,False,False,False,False,False,0,0.0,0.0,,,,,,
Hench_2017-06-18,2.0,11,True,False,2.047576375393317,2.5785472657023196,1.6743510410740345,2.5785472657023174,-0.45716573063591426,-0.01362562115386906,0.2526939907383866,-0.03451794684654183,-0.45716573063591426,isi_shuffle,,True,True,False,False,True,False,3,0.5,50.0,,,,,,
Hench_2017-06-18,2.0,12,True,False,1.6093009931447237,2.1612158644140336,1.7423561795014422,2.1612158644140362,0.17218705841086712,-0.3077000903217848,0.17350250596455807,-0.582612525590253,-0.582612525590253,isi_shuffle,,True,True,True,False,True,False,4,0.6666666666666666,66.66666666666666,,,,,,
Hench_2017-06-18,2.0,13,True,False,1.2780436305170606,2.1717686223772703,1.8738301601305547,2.171768622377268,0.2704453884109743,-0.09276383614869592,-0.0025252677107763244,-0.4668845422450334,-0.4668845422450334,isi_shuffle,,True,True,True,False,False,False,3,0.5,50.0,,,,,,
Hench_2017-06-18,2.0,14,True,False,,,,,,,,,,isi_shuffle,,False,False,False,False,False,False,0,0.0,0.0,,,,,,
Hench_2017-06-18,2.0,15,True,False,,,,,,,,,,isi_shuffle,,False,False,False,False,False,False,0,0.0,0.0,,,,,,
Hench_2017-06-18,2.0,16,True,False,1.4653539818590229,1.8497475829400492,0.7575689566521611,1.8497475829400496,-0.37986919649998785,-0.07512825296759457,-0.03894190730186686,-0.48710638857270505,-0.48710638857270505,isi_shuffle,,True,True,False,False,False,False,2,0.3333333333333333,33.33333333333333,,,,,,
Hench_2017-06-18,2.0,17,True,False,1.0596629184391784,2.046545981410277,1.461999617787381,2.0465459814102767,-0.05833667974343926,0.7031760202146706,-0.09426025030707541,0.062478891111486995,-0.09426025030707541,isi_shuffle,,True,True,False,True,False,True,4,0.6666666666666666,66.66666666666666,,,,,,
Hench_2017-06-18,2.0,18,True,False,0.7703307659854525,1.7605227079977526,1.0982283914027042,1.7605227079977512,-0.11801840639482108,-0.20908956448650035,-0.1969970336866691,-0.6937202904917372,-0.6937202904917372,isi_shuffle,,True,True,False,False,False,False,2,0.3333333333333333,33.33333333333333,,,,,,
Hench_2017-06-18,2.0,19,True,False,1.451067426467433,2.1605749046059075,1.450304299014434,2.16057490460591,0.3390651245495838,0.20486522503581114,-0.07757273831536016,0.2312662463914732,-0.07757273831536016,isi_shuffle,,True,True,True,True,False,True,5,0.8333333333333334,83.33333333333334,,,,,,
Hench_2017-06-18,2.0,20,True,False,,,,,,,,,,isi_shuffle,,False,False,False,False,False,False,0,0.0,0.0,,,,,,
Hench_2017-06-18,2.0,21,True,False,1.1107749565300682,1.8933484382501937,1.6931699153115818,1.893348438250193,-0.30592639655483367,-0.561981479694066,-0.3887000692480508,-0.4721337567114577,-0.561981479694066,isi_shuffle,,True,True,False,False,False,False,2,0.3333333333333333,33.33333333333333,,,,,,
Hench_2017-06-18,2.0,22,True,False,0.6535697572890167,2.1914094882486137,1.9491637650252573,2.1914094882486137,-0.1427884594548794,0.028381345952195547,-0.40250708316683925,-0.8315627203109257,-0.8315627203109257,isi_shuffle,,True,True,False,True,False,False,3,0.5,50.0,,,,,,
Hench_2017-06-18,2.0,23,True,False,1.3991566030759603,2.0159844121282218,1.878705106368568,2.0159844121282213,-0.09930187730498685,-0.17059268319876172,0.15138869117475595,1.3624733778519276,-0.17059268319876172,isi_shuffle,,True,True,False,False,True,True,4,0.6666666666666666,66.66666666666666,,,,,,
Hench_2017-06-18,2.0,24,True,False,,,,,,,,,,isi_shuffle,,False,False,False,False,False,False,0,0.0,0.0,,,,,,
Hench_2017-06-18,2.0,25,True,False,1.2973354278224534,1.8455693919362286,0.49449827163834714,1.8455693919362293,-0.16198367046901163,0.04182319636069187,0.03926078804412847,0.30109014999582384,-0.16198367046901163,isi_shuffle,,True,True,False,True,True,True,5,0.8333333333333334,83.33333333333334,,,,,,
Hench_2017-06-18,2.0,26,True,False,,,,,,,,,,isi_shuffle,,False,False,False,False,False,False,0,0.0,0.0,,,,,,
Hench_2017-06-18,2.0,27,True,False,2.4047507109422286,2.674084498475562,2.333748652470645,2.674084498475562,-0.49624183674660793,0.3679190119487539,-0.0924987441388716,-0.08984876119578522,-0.49624183674660793,isi_shuffle,,True,True,False,True,False,False,3,0.5,50.0,,,,,,
Hench_2017-06-18,2.0,28,True,False,,,,,,,,,,isi_shuffle,,False,False,False,False,False,False,0,0.0,0.0,,,,,,
Hench_2017-06-18,2.0,29,True,False,0.90855466444496,1.7730138224085101,1.045061315536307,1.7730138224085097,0.10433521560156611,0.2635504681602223,-0.15572927415295168,0.5021151178836252,-0.15572927415295168,isi_shuffle,,True,True,True,True,False,True,5,0.8333333333333334,83.33333333333334,,,,,,
Hench_2017-06-18,2.0,30,True,False,,,,,,,,,,isi_shuffle,,False,False,False,False,False,False,0,0.0,0.0,,,,,,
Hench_2017-06-18,2.0,31,True,False,1.9448887431066064,2.3161872368818144,1.9880199191724812,2.316187236881815,-0.22884945430060333,0.4773150360876184,0.1687640360949374,-0.17178775518712103,-0.22884945430060333,isi_shuffle,,True,True,False,True,True,False,4,0.6666666666666666,66.66666666666666,,,,,,
Hench_2017-06-18,2.0,32,True,False,1.1668048517004674,2.2516659528500753,1.4901379533570704,2.251665952850074,-0.37349254850947533,-1.0683867924028465,-1.091351778832078,-0.3886821189574841,-1.091351778832078,isi_shuffle,,True,True,False,False,False,False,2,0.3333333333333333,33.33333333333333,,,,,,
Hench_2017-06-18,2.0,33,True,False,,,,,,,,,,isi_shuffle,,False,False,False,False,False,False,0,0.0,0.0,,,,,,
Hench_2017-06-18,2.0,34,True,False,1.9133129186023783,2.1451927758102016,1.7987933957973996,2.145192775810202,-0.26687233461377713,0.490131335914376,0.16542753860655424,-0.36646744814933807,-0.36646744814933807,isi_shuffle,,True,True,False,True,True,False,4,0.6666666666666666,66.66666666666666,,,,,,
Hench_2017-06-18,2.0,35,True,False,,,,,,,,,,isi_shuffle,,False,False,False,False,False,False,0,0.0,0.0,,,,,,
Hench_2017-06-18,2.0,36,True,False,,,,,,,,,,isi_shuffle,,False,False,False,False,False,False,0,0.0,0.0,,,,,,
Hench_2017-06-18,2.0,37,True,False,1.7652516060468102,2.3754480280614896,1.8600817920131247,2.3754480280614882,-0.12642739997423047,-0.3870387450871402,-0.18251334420217513,0.10073817684641892,-0.3870387450871402,isi_shuffle,,True,True,False,False,False,True,3,0.5,50.0,,,,,,
Hench_2017-06-18,2.0,38,True,False,,,,,,,,,,isi_shuffle,,False,False,False,False,False,False,0,0.0,0.0,,,,,,
Hench_2017-06-18,2.0,39,True,True,1.2050073267348103,2.006481172650319,1.4776412762240176,2.0064811726503176,0.5516807111872766,0.7633729257872578,0.15318786785862204,0.7458883666129013,0.15318786785862204,isi_shuffle,,True,True,True,True,True,True,6,1.0,100.0,,,,,,
Hench_2017-06-18,2.0,40,True,False,1.4402458329997403,1.7515484519330162,0.8000611529939545,1.7515484519330167,-0.07191258845249493,0.7245554601641996,-0.17283707842868967,-0.24954188167250066,-0.24954188167250066,isi_shuffle,,True,True,False,True,False,False,3,0.5,50.0,,,,,,
Hench_2017-06-18,2.0,41,True,True,1.79122536931875,1.8959953873934177,1.3294677368466232,1.8959953873934199,0.31848477297779365,0.5564383696540919,0.07255598211896475,0.6176413857234968,0.07255598211896475,isi_shuffle,,True,True,True,True,True,True,6,1.0,100.0,,,,,,
Hench_2017-06-18,2.0,42,True,False,0.4097324248391565,1.6939226025554746,0.9120048714765043,1.6939226025554763,0.5523685358435256,-0.8719802842071699,0.16283994198175167,-0.07326052909980699,-0.8719802842071699,isi_shuffle,,True,True,True,False,True,False,4,0.6666666666666666,66.66666666666666,,,,,,
Hench_2017-06-18,2.0,43,True,False,,,,,,,,,,isi_shuffle,,False,False,False,False,False,False,0,0.0,0.0,,,,,,
Hench_2017-06-18,2.0,44,True,False,0.4879721016520977,1.4831436178657864,0.17659220229707828,1.483143617865787,0.20861091182288805,-0.262508716346199,-0.42506072890649227,0.1338228485350374,-0.42506072890649227,isi_shuffle,,True,True,True,False,False,True,4,0.6666666666666666,66.66666666666666,,,,,,
Hench_2017-06-18,2.0,45,True,False,,,,,,,,,,isi_shuffle,,False,False,False,False,False,False,0,0.0,0.0,,,,,,
Hench_2017-06-18,2.0,46,True,False,,,,,,,,,,isi_shuffle,,False,False,False,False,False,False,0,0.0,0.0,,,,,,
Hench_2017-06-18,2.0,47,True,False,,,,,,,,,,isi_shuffle,,False,False,False,False,False,False,0,0.0,0.0,,,,,,
Hench_2017-06-18,2.0,48,True,False,1.0705256739838522,2.0851066331980266,1.63798678268229,2.085106633198027,0.5097568246453682,0.12831592432084288,-0.04936557616941417,0.4727125055477249,-0.04936557616941417,isi_shuffle,,True,True,True,True,False,True,5,0.8333333333333334,83.33333333333334,,,,,,
Hench_2017-06-18,2.0,49,True,False,1.7188994035121343,2.0659975425123647,1.2719688205071185,2.0659975425123656,-0.10269917057720379,0.9951945707036942,0.31451640060105857,-0.03567649715281446,-0.10269917057720379,isi_shuffle,,True,True,False,True,True,False,4,0.6666666666666666,66.66666666666666,,,,,,
Lederberg_2017-12-11,4.0,0,True,False,,,,,,,,,,isi_shuffle,,False,False,False,False,False,False,0,0.0,0.0,,,,,,
Lederberg_2017-12-11,4.0,1,True,False,,,,,,,,,,isi_shuffle,,False,False,False,False,False,False,0,0.0,0.0,,,,,,
Lederberg_2017-12-11,4.0,2,True,False,,,,,,,,,,isi_shuffle,,False,False,False,False,False,False,0,0.0,0.0,,,,,,
Lederberg_2017-12-11,4.0,3,True,False,0.9868381275670719,1.8450678430991452,1.1189469614650278,1.8450678430991452,-0.3838569989625864,0.09484414462899238,-0.40422883609067495,-0.10753515385484229,-0.40422883609067495,isi_shuffle,,True,True,False,True,False,False,3,0.5,50.0,,,,,,
Lederberg_2017-12-11,4.0,4,True,False,,,,,,,,,,isi_shuffle,,False,False,False,False,False,False,0,0.0,0.0,,,,,,
Lederberg_2017-12-11,4.0,5,True,False,1.4514310827193668,2.123803627494666,1.3480128899490988,2.1238036274946652,-0.5103994792802493,0.13351964622856655,0.3070237685190117,0.42070569636665267,-0.5103994792802493,isi_shuffle,,True,True,False,True,True,True,5,0.8333333333333334,83.33333333333334,,,,,,
Lederberg_2017-12-11,4.0,6,True,False,,,,,,,,,,isi_shuffle,,False,False,False,False,False,False,0,0.0,0.0,,,,,,
Lederberg_2017-12-11,4.0,7,False,False,,,,,,,,,,isi_shuffle,Lederberg_2017-12-11: only 7 units after the original filters.,False,False,False,False,False,False,0,0.0,0.0,,,,,,
Lederberg_2017-12-11,4.0,8,True,False,,,,,,,,,,isi_shuffle,,False,False,False,False,False,False,0,0.0,0.0,,,,,,
Lederberg_2017-12-11,4.0,9,True,False,0.2789738421306196,1.5297254569287524,0.9932515316526798,1.5297254569287515,-0.09627548043582745,-0.3089547092455706,0.45388649193999975,0.31160114345924095,-0.3089547092455706,isi_shuffle,,True,True,False,False,True,True,4,0.6666666666666666,66.66666666666666,,,,,,
Lederberg_2017-12-11,4.0,10,True,False,,,,,,,,,,isi_shuffle,,False,False,False,False,False,False,0,0.0,0.0,,,,,,
Lederberg_2017-12-11,4.0,11,True,False,,,,,,,,,,isi_shuffle,,False,False,False,False,False,False,0,0.0,0.0,,,,,,
Lederberg_2017-12-11,4.0,12,False,False,,,,,,,,,,isi_shuffle,Lederberg_2017-12-11: only 6 units after the original filters.,False,False,False,False,False,False,0,0.0,0.0,,,,,,
Lederberg_2017-12-11,4.0,13,True,False,,,,,,,,,,isi_shuffle,,False,False,False,False,False,False,0,0.0,0.0,,,,,,
Lederberg_2017-12-11,4.0,14,True,False,,,,,,,,,,isi_shuffle,,False,False,False,False,False,False,0,0.0,0.0,,,,,,
Lederberg_2017-12-11,4.0,15,True,False,,,,,,,,,,isi_shuffle,,False,False,False,False,False,False,0,0.0,0.0,,,,,,
Lederberg_2017-12-11,4.0,16,True,False,,,,,,,,,,isi_shuffle,,False,False,False,False,False,False,0,0.0,0.0,,,,,,
Lederberg_2017-12-11,4.0,17,True,False,,,,,,,,,,isi_shuffle,,False,False,False,False,False,False,0,0.0,0.0,,,,,,
Lederberg_2017-12-11,4.0,18,True,False,,,,,,,,,,isi_shuffle,,False,False,False,False,False,False,0,0.0,0.0,,,,,,
Lederberg_2017-12-11,4.0,19,True,False,,,,,,,,,,isi_shuffle,,False,False,False,False,False,False,0,0.0,0.0,,,,,,
Lederberg_2017-12-11,4.0,20,True,False,,,,,,,,,,isi_shuffle,,False,False,False,False,False,False,0,0.0,0.0,,,,,,
Lederberg_2017-12-11,4.0,21,True,False,,,,,,,,,,isi_shuffle,,False,False,False,False,False,False,0,0.0,0.0,,,,,,
Lederberg_2017-12-11,4.0,22,True,False,,,,,,,,,,isi_shuffle,,False,False,False,False,False,False,0,0.0,0.0,,,,,,
Lederberg_2017-12-11,4.0,23,True,False,,,,,,,,,,isi_shuffle,,False,False,False,False,False,False,0,0.0,0.0,,,,,,
Lederberg_2017-12-11,4.0,24,True,False,,,,,,,,,,isi_shuffle,,False,False,False,False,False,False,0,0.0,0.0,,,,,,
Lederberg_2017-12-11,4.0,25,True,False,,,,,,,,,,isi_shuffle,,False,False,False,False,False,False,0,0.0,0.0,,,,,,
Lederberg_2017-12-11,4.0,26,True,False,1.168071251660156,1.9713271727693586,1.580434641552693,1.97132717276936,-0.22424695301631714,0.10755540250294685,-0.2607291886849228,-0.22148926016855638,-0.2607291886849228,isi_shuffle,,True,True,False,True,False,False,3,0.5,50.0,,,,,,
Lederberg_2017-12-11,4.0,27,True,False,,,,,,,,,,isi_shuffle,,False,False,False,False,False,False,0,0.0,0.0,,,,,,
Lederberg_2017-12-11,4.0,28,False,False,,,,,,,,,,isi_shuffle,Lederberg_2017-12-11: only 6 units after the original filters.,False,False,False,False,False,False,0,0.0,0.0,,,,,,
Lederberg_2017-12-11,4.0,29,True,False,,,,,,,,,,isi_shuffle,,False,False,False,False,False,False,0,0.0,0.0,,,,,,
Lederberg_2017-12-11,4.0,30,True,False,,,,,,,,,,isi_shuffle,,False,False,False,False,False,False,0,0.0,0.0,,,,,,
Lederberg_2017-12-11,4.0,31,True,False,,,,,,,,,,isi_shuffle,,False,False,False,False,False,False,0,0.0,0.0,,,,,,
Lederberg_2017-12-11,4.0,32,True,False,,,,,,,,,,isi_shuffle,,False,False,False,False,False,False,0,0.0,0.0,,,,,,
Lederberg_2017-12-11,4.0,33,True,False,,,,,,,,,,isi_shuffle,,False,False,False,False,False,False,0,0.0,0.0,,,,,,
Lederberg_2017-12-11,4.0,34,True,False,,,,,,,,,,isi_shuffle,,False,False,False,False,False,False,0,0.0,0.0,,,,,,
Lederberg_2017-12-11,4.0,35,True,False,0.8115884010675396,1.625945829646844,1.176574015751683,1.6259458296468445,-0.9150823150267626,0.8166598905899762,0.3319779808395342,-0.3613770263518161,-0.9150823150267626,isi_shuffle,,True,True,False,True,True,False,4,0.6666666666666666,66.66666666666666,,,,,,
Lederberg_2017-12-11,4.0,36,True,False,,,,,,,,,,isi_shuffle,,False,False,False,False,False,False,0,0.0,0.0,,,,,,
Lederberg_2017-12-11,4.0,37,True,False,,,,,,,,,,isi_shuffle,,False,False,False,False,False,False,0,0.0,0.0,,,,,,
Lederberg_2017-12-11,4.0,38,True,False,,,,,,,,,,isi_shuffle,,False,False,False,False,False,False,0,0.0,0.0,,,,,,
Lederberg_2017-12-11,4.0,39,True,False,,,,,,,,,,isi_shuffle,,False,False,False,False,False,False,0,0.0,0.0,,,,,,
Lederberg_2017-12-11,4.0,40,True,False,,,,,,,,,,isi_shuffle,,False,False,False,False,False,False,0,0.0,0.0,,,,,,
Lederberg_2017-12-11,4.0,41,False,False,,,,,,,,,,isi_shuffle,Lederberg_2017-12-11: only 5 units after the original filters.,False,False,False,False,False,False,0,0.0,0.0,,,,,,
Lederberg_2017-12-11,4.0,42,True,False,,,,,,,,,,isi_shuffle,,False,False,False,False,False,False,0,0.0,0.0,,,,,,
Lederberg_2017-12-11,4.0,43,True,False,,,,,,,,,,isi_shuffle,,False,False,False,False,False,False,0,0.0,0.0,,,,,,
Lederberg_2017-12-11,4.0,44,True,False,,,,,,,,,,isi_shuffle,,False,False,False,False,False,False,0,0.0,0.0,,,,,,
Lederberg_2017-12-11,4.0,45,True,False,,,,,,,,,,isi_shuffle,,False,False,False,False,False,False,0,0.0,0.0,,,,,,
Lederberg_2017-12-11,4.0,46,True,False,1.4814993933707417,2.1122559560193124,0.8565731948148809,2.112255956019312,-0.22725981265219897,0.04436214999941235,-0.021376478509954944,0.14278067458680477,-0.22725981265219897,isi_shuffle,,True,True,False,True,False,True,4,0.6666666666666666,66.66666666666666,,,,,,
Lederberg_2017-12-11,4.0,47,True,False,,,,,,,,,,isi_shuffle,,False,False,False,False,False,False,0,0.0,0.0,,,,,,
Lederberg_2017-12-11,4.0,48,True,False,,,,,,,,,,isi_shuffle,,False,False,False,False,False,False,0,0.0,0.0,,,,,,
Lederberg_2017-12-11,4.0,49,False,False,,,,,,,,,,isi_shuffle,Lederberg_2017-12-11: only 5 units after the original filters.,False,False,False,False,False,False,0,0.0,0.0,,,,,,
Radnitz_2017-01-12,5.0,0,True,False,,,,,,,,,,isi_shuffle,,False,False,False,False,False,False,0,0.0,0.0,,,,,,
Radnitz_2017-01-12,5.0,1,True,False,,,,,,,,,,isi_shuffle,,False,False,False,False,False,False,0,0.0,0.0,,,,,,
Radnitz_2017-01-12,5.0,2,True,False,,,,,,,,,,isi_shuffle,,False,False,False,False,False,False,0,0.0,0.0,,,,,,
Radnitz_2017-01-12,5.0,3,True,False,,,,,,,,,,isi_shuffle,,False,False,False,False,False,False,0,0.0,0.0,,,,,,
Radnitz_2017-01-12,5.0,4,True,False,,,,,,,,,,isi_shuffle,,False,False,False,False,False,False,0,0.0,0.0,,,,,,
Radnitz_2017-01-12,5.0,5,True,False,0.7495593538650798,1.5662688631252744,0.8585089300967701,1.5662688631252752,0.338254490881301,-0.5797585892118501,-0.3640250524519411,0.6770013048237903,-0.5797585892118501,isi_shuffle,,True,True,True,False,False,True,4,0.6666666666666666,66.66666666666666,,,,,,
Radnitz_2017-01-12,5.0,6,True,False,,,,,,,,,,isi_shuffle,,False,False,False,False,False,False,0,0.0,0.0,,,,,,
Radnitz_2017-01-12,5.0,7,True,False,,,,,,,,,,isi_shuffle,,False,False,False,False,False,False,0,0.0,0.0,,,,,,
Radnitz_2017-01-12,5.0,8,True,False,,,,,,,,,,isi_shuffle,,False,False,False,False,False,False,0,0.0,0.0,,,,,,
Radnitz_2017-01-12,5.0,9,True,False,,,,,,,,,,isi_shuffle,,False,False,False,False,False,False,0,0.0,0.0,,,,,,
Radnitz_2017-01-12,5.0,10,True,False,,,,,,,,,,isi_shuffle,,False,False,False,False,False,False,0,0.0,0.0,,,,,,
Radnitz_2017-01-12,5.0,11,True,False,,,,,,,,,,isi_shuffle,,False,False,False,False,False,False,0,0.0,0.0,,,,,,
Radnitz_2017-01-12,5.0,12,False,False,,,,,,,,,,isi_shuffle,Radnitz_2017-01-12: only 6 units after the original filters.,False,False,False,False,False,False,0,0.0,0.0,,,,,,
Radnitz_2017-01-12,5.0,13,True,False,,,,,,,,,,isi_shuffle,,False,False,False,False,False,False,0,0.0,0.0,,,,,,
Radnitz_2017-01-12,5.0,14,True,False,,,,,,,,,,isi_shuffle,,False,False,False,False,False,False,0,0.0,0.0,,,,,,
Radnitz_2017-01-12,5.0,15,False,False,,,,,,,,,,isi_shuffle,Radnitz_2017-01-12: only 4 units after the original filters.,False,False,False,False,False,False,0,0.0,0.0,,,,,,
Radnitz_2017-01-12,5.0,16,True,False,,,,,,,,,,isi_shuffle,,False,False,False,False,False,False,0,0.0,0.0,,,,,,
Radnitz_2017-01-12,5.0,17,True,False,,,,,,,,,,isi_shuffle,,False,False,False,False,False,False,0,0.0,0.0,,,,,,
Radnitz_2017-01-12,5.0,18,True,False,,,,,,,,,,isi_shuffle,,False,False,False,False,False,False,0,0.0,0.0,,,,,,
Radnitz_2017-01-12,5.0,19,True,False,,,,,,,,,,isi_shuffle,,False,False,False,False,False,False,0,0.0,0.0,,,,,,
Radnitz_2017-01-12,5.0,20,True,False,,,,,,,,,,isi_shuffle,,False,False,False,False,False,False,0,0.0,0.0,,,,,,
Radnitz_2017-01-12,5.0,21,True,False,,,,,,,,,,isi_shuffle,,False,False,False,False,False,False,0,0.0,0.0,,,,,,
Radnitz_2017-01-12,5.0,22,True,False,,,,,,,,,,isi_shuffle,,False,False,False,False,False,False,0,0.0,0.0,,,,,,
Radnitz_2017-01-12,5.0,23,True,False,,,,,,,,,,isi_shuffle,,False,False,False,False,False,False,0,0.0,0.0,,,,,,
Radnitz_2017-01-12,5.0,24,True,False,,,,,,,,,,isi_shuffle,,False,False,False,False,False,False,0,0.0,0.0,,,,,,
Radnitz_2017-01-12,5.0,25,True,False,,,,,,,,,,isi_shuffle,,False,False,False,False,False,False,0,0.0,0.0,,,,,,
Radnitz_2017-01-12,5.0,26,True,False,,,,,,,,,,isi_shuffle,,False,False,False,False,False,False,0,0.0,0.0,,,,,,
Radnitz_2017-01-12,5.0,27,True,False,,,,,,,,,,isi_shuffle,,False,False,False,False,False,False,0,0.0,0.0,,,,,,
Radnitz_2017-01-12,5.0,28,True,False,,,,,,,,,,isi_shuffle,,False,False,False,False,False,False,0,0.0,0.0,,,,,,
Radnitz_2017-01-12,5.0,29,True,False,,,,,,,,,,isi_shuffle,,False,False,False,False,False,False,0,0.0,0.0,,,,,,
Radnitz_2017-01-12,5.0,30,True,False,,,,,,,,,,isi_shuffle,,False,False,False,False,False,False,0,0.0,0.0,,,,,,
Radnitz_2017-01-12,5.0,31,True,False,,,,,,,,,,isi_shuffle,,False,False,False,False,False,False,0,0.0,0.0,,,,,,
Radnitz_2017-01-12,5.0,32,True,False,1.186178489724242,1.5792935728158595,0.8738670936510726,1.5792935728158592,-0.08225729008884108,0.32892606186904433,0.16654113000390913,0.32779566207043653,-0.08225729008884108,isi_shuffle,,True,True,False,True,True,True,5,0.8333333333333334,83.33333333333334,,,,,,
Radnitz_2017-01-12,5.0,33,True,False,,,,,,,,,,isi_shuffle,,False,False,False,False,False,False,0,0.0,0.0,,,,,,
Radnitz_2017-01-12,5.0,34,True,False,,,,,,,,,,isi_shuffle,,False,False,False,False,False,False,0,0.0,0.0,,,,,,
Radnitz_2017-01-12,5.0,35,True,False,,,,,,,,,,isi_shuffle,,False,False,False,False,False,False,0,0.0,0.0,,,,,,
Radnitz_2017-01-12,5.0,36,True,False,,,,,,,,,,isi_shuffle,,False,False,False,False,False,False,0,0.0,0.0,,,,,,
Radnitz_2017-01-12,5.0,37,True,False,,,,,,,,,,isi_shuffle,,False,False,False,False,False,False,0,0.0,0.0,,,,,,
Radnitz_2017-01-12,5.0,38,True,False,1.4415037519362104,2.2244598410930525,1.3152707218648123,2.2244598410930525,-0.4115676908856736,0.3230388451287347,0.2676280714705561,-0.06796804282212393,-0.4115676908856736,isi_shuffle,,True,True,False,True,True,False,4,0.6666666666666666,66.66666666666666,,,,,,
Radnitz_2017-01-12,5.0,39,True,False,2.1657652425012013,2.365571823528708,2.169204881601074,2.365571823528708,0.5051806152843785,-0.0735962065642966,0.3542131579198503,0.5254166179837046,-0.0735962065642966,isi_shuffle,,True,True,True,False,True,True,5,0.8333333333333334,83.33333333333334,,,,,,
Radnitz_2017-01-12,5.0,40,True,False,0.9690356571180592,1.5168167706544224,-0.1747527019112447,1.516816770654423,-0.8292133957161729,0.2807815001191085,-0.207459787506861,-1.4059158782701175,-1.4059158782701175,isi_shuffle,,True,False,False,True,False,False,2,0.3333333333333333,33.33333333333333,,,,,,
Radnitz_2017-01-12,5.0,41,True,False,,,,,,,,,,isi_shuffle,,False,False,False,False,False,False,0,0.0,0.0,,,,,,
Radnitz_2017-01-12,5.0,42,True,False,,,,,,,,,,isi_shuffle,,False,False,False,False,False,False,0,0.0,0.0,,,,,,
Radnitz_2017-01-12,5.0,43,True,False,,,,,,,,,,isi_shuffle,,False,False,False,False,False,False,0,0.0,0.0,,,,,,
Radnitz_2017-01-12,5.0,44,True,False,,,,,,,,,,isi_shuffle,,False,False,False,False,False,False,0,0.0,0.0,,,,,,
Radnitz_2017-01-12,5.0,45,True,False,,,,,,,,,,isi_shuffle,,False,False,False,False,False,False,0,0.0,0.0,,,,,,
Radnitz_2017-01-12,5.0,46,True,False,,,,,,,,,,isi_shuffle,,False,False,False,False,False,False,0,0.0,0.0,,,,,,
Radnitz_2017-01-12,5.0,47,True,False,,,,,,,,,,isi_shuffle,,False,False,False,False,False,False,0,0.0,0.0,,,,,,
Radnitz_2017-01-12,5.0,48,True,False,,,,,,,,,,isi_shuffle,,False,False,False,False,False,False,0,0.0,0.0,,,,,,
Radnitz_2017-01-12,5.0,49,True,False,,,,,,,,,,isi_shuffle,,False,False,False,False,False,False,0,0.0,0.0,,,,,,
Richards_2017-11-01,27.0,0,True,False,1.7891284735593715,2.1630294910550134,1.435631886388346,2.1630294910550143,0.33393065281277756,0.271518554276932,0.023987918175094824,-0.12231153330908447,-0.12231153330908447,isi_shuffle,,True,True,True,True,True,False,5,0.8333333333333334,83.33333333333334,,,,,,
Richards_2017-11-01,27.0,1,True,False,,,,,,,,,,isi_shuffle,,False,False,False,False,False,False,0,0.0,0.0,,,,,,
Richards_2017-11-01,27.0,2,True,False,1.917925789377136,2.111674512810524,1.6692057262364135,2.111674512810522,0.16034741335831248,-0.8504420216312106,-0.015089787373651187,0.3757797278658978,-0.8504420216312106,isi_shuffle,,True,True,True,False,False,True,4,0.6666666666666666,66.66666666666666,,,,,,
Richards_2017-11-01,27.0,3,True,False,1.5874896708001391,2.0342454970813697,1.9056613793630046,2.0342454970813697,-0.14729877957640247,0.789124474220021,0.3365921097119936,-0.22706274872423862,-0.22706274872423862,isi_shuffle,,True,True,False,True,True,False,4,0.6666666666666666,66.66666666666666,,,,,,
Richards_2017-11-01,27.0,4,True,False,1.793362051323929,2.2957055563666167,1.9412799607786342,2.2957055563666153,0.22366336638197315,0.48301757529936595,-0.2171032284175427,0.5111930861880852,-0.2171032284175427,isi_shuffle,,True,True,True,True,False,True,5,0.8333333333333334,83.33333333333334,,,,,,
Richards_2017-11-01,27.0,5,True,False,,,,,,,,,,isi_shuffle,,False,False,False,False,False,False,0,0.0,0.0,,,,,,
Richards_2017-11-01,27.0,6,True,True,1.872090275424669,2.3088635421263755,1.5390052717400808,2.308863542126376,0.2576353868509089,0.2590620738606135,0.1124677012198525,0.4669066600866383,0.1124677012198525,isi_shuffle,,True,True,True,True,True,True,6,1.0,100.0,,,,,,
Richards_2017-11-01,27.0,7,True,False,1.5006660100163494,1.8645153561031773,1.0983594637414416,1.8645153561031773,-0.43132226948151786,-0.16326917389497492,0.23594976293218117,-0.4835154636905963,-0.4835154636905963,isi_shuffle,,True,True,False,False,True,False,3,0.5,50.0,,,,,,
Richards_2017-11-01,27.0,8,True,False,1.1443638773016276,1.996810312148133,1.2895801846616788,1.9968103121481333,-0.10215339992699557,0.7746710306736112,0.49009208444718133,-0.42884342886049515,-0.42884342886049515,isi_shuffle,,True,True,False,True,True,False,4,0.6666666666666666,66.66666666666666,,,,,,
Richards_2017-11-01,27.0,9,True,True,1.3354558270347936,1.9786237397269524,1.1568211629182779,1.9786237397269522,0.00497803341517844,0.1447240418261434,0.2022480134468987,0.9023175601587056,0.00497803341517844,isi_shuffle,,True,True,True,True,True,True,6,1.0,100.0,,,,,,
Richards_2017-11-01,27.0,10,True,False,,,,,,,,,,isi_shuffle,,False,False,False,False,False,False,0,0.0,0.0,,,,,,
Richards_2017-11-01,27.0,11,True,False,0.9981812288517666,1.810807276574283,1.058281771005318,1.8108072765742833,0.17626171846538907,-0.23759152803826622,-0.2481767136350782,0.09482114560974647,-0.2481767136350782,isi_shuffle,,True,True,True,False,False,True,4,0.6666666666666666,66.66666666666666,,,,,,
Richards_2017-11-01,27.0,12,True,False,0.7829417089480986,1.940474018021919,1.667515321817488,1.9404740180219193,-0.05186141150708523,0.23672503016785373,-0.25924352244271454,0.14140882797158916,-0.25924352244271454,isi_shuffle,,True,True,False,True,False,True,4,0.6666666666666666,66.66666666666666,,,,,,
Richards_2017-11-01,27.0,13,True,False,,,,,,,,,,isi_shuffle,,False,False,False,False,False,False,0,0.0,0.0,,,,,,
Richards_2017-11-01,27.0,14,True,False,,,,,,,,,,isi_shuffle,,False,False,False,False,False,False,0,0.0,0.0,,,,,,
Richards_2017-11-01,27.0,15,True,False,1.1558233119076644,2.2453173842901992,1.5597626101381512,2.2453173842901997,-0.15174645833436506,0.043387998675007367,0.3709073251995725,-0.013430919579976136,-0.15174645833436506,isi_shuffle,,True,True,False,True,True,False,4,0.6666666666666666,66.66666666666666,,,,,,
Richards_2017-11-01,27.0,16,True,False,1.8002311799255286,2.2548954980192844,1.5609532094144905,2.2548954980192826,0.0729176361104813,0.4643831715896244,0.00947727518821373,-0.27196965216112456,-0.27196965216112456,isi_shuffle,,True,True,True,True,True,False,5,0.8333333333333334,83.33333333333334,,,,,,
Richards_2017-11-01,27.0,17,True,False,2.0540545309463734,2.292595194813099,1.4381497081273666,2.2925951948131,0.13959819024821907,-0.396737519503791,-0.0906953893795569,0.1367169786431124,-0.396737519503791,isi_shuffle,,True,True,True,False,False,True,4,0.6666666666666666,66.66666666666666,,,,,,
Richards_2017-11-01,27.0,18,True,False,,,,,,,,,,isi_shuffle,,False,False,False,False,False,False,0,0.0,0.0,,,,,,
Richards_2017-11-01,27.0,19,True,False,,,,,,,,,,isi_shuffle,,False,False,False,False,False,False,0,0.0,0.0,,,,,,
Richards_2017-11-01,27.0,20,True,False,1.5521742392596058,1.833514009800566,1.0947315907941788,1.8335140098005667,0.05330026538324356,-0.2700444852718751,0.19297209768026025,-0.11360399944134747,-0.2700444852718751,isi_shuffle,,True,True,True,False,True,False,4,0.6666666666666666,66.66666666666666,,,,,,
Richards_2017-11-01,27.0,21,True,False,,,,,,,,,,isi_shuffle,,False,False,False,False,False,False,0,0.0,0.0,,,,,,
Richards_2017-11-01,27.0,22,True,False,1.10193848062837,2.286555362210983,1.4649820981507433,2.2865553622109824,0.11827280442401633,-0.47989116286763767,0.1718500902029081,-0.3821937771958045,-0.47989116286763767,isi_shuffle,,True,True,True,False,True,False,4,0.6666666666666666,66.66666666666666,,,,,,
Richards_2017-11-01,27.0,23,True,False,,,,,,,,,,isi_shuffle,,False,False,False,False,False,False,0,0.0,0.0,,,,,,
Richards_2017-11-01,27.0,24,True,False,,,,,,,,,,isi_shuffle,,False,False,False,False,False,False,0,0.0,0.0,,,,,,
Richards_2017-11-01,27.0,25,True,False,,,,,,,,,,isi_shuffle,,False,False,False,False,False,False,0,0.0,0.0,,,,,,
Richards_2017-11-01,27.0,26,True,False,1.6608569430452127,2.0456843061271845,1.0801177896417438,2.045684306127186,-0.19463190148587417,-0.7929889276008226,-0.09921301904835556,-0.1833319222118867,-0.7929889276008226,isi_shuffle,,True,True,False,False,False,False,2,0.3333333333333333,33.33333333333333,,,,,,
Richards_2017-11-01,27.0,27,True,False,0.46043872568694155,1.7286789466985215,0.5509453388637868,1.7286789466985224,0.053489012818340065,0.46310884146598175,0.03745102783186027,-0.3303078094173015,-0.3303078094173015,isi_shuffle,,True,True,True,True,True,False,5,0.8333333333333334,83.33333333333334,,,,,,
Richards_2017-11-01,27.0,28,True,False,1.1893731799474392,1.835602501399084,1.2914833657131282,1.835602501399083,-0.14486024862123736,0.47061360011699604,-0.2124310847554478,-0.04870771771950587,-0.2124310847554478,isi_shuffle,,True,True,False,True,False,False,3,0.5,50.0,,,,,,
Richards_2017-11-01,27.0,29,True,False,,,,,,,,,,isi_shuffle,,False,False,False,False,False,False,0,0.0,0.0,,,,,,
Richards_2017-11-01,27.0,30,True,False,,,,,,,,,,isi_shuffle,,False,False,False,False,False,False,0,0.0,0.0,,,,,,
Richards_2017-11-01,27.0,31,True,False,0.8419956816530432,1.6405408846532874,1.5258384176870028,1.6405408846532874,-0.1927522146772691,0.4336595389451452,0.6826586813672242,-0.09004454274168334,-0.1927522146772691,isi_shuffle,,True,True,False,True,True,False,4,0.6666666666666666,66.66666666666666,,,,,,
Richards_2017-11-01,27.0,32,True,False,,,,,,,,,,isi_shuffle,,False,False,False,False,False,False,0,0.0,0.0,,,,,,
Richards_2017-11-01,27.0,33,True,False,,,,,,,,,,isi_shuffle,,False,False,False,False,False,False,0,0.0,0.0,,,,,,
Richards_2017-11-01,27.0,34,True,True,1.784402592655905,2.103273360500019,1.2620876098605018,2.1032733605000193,0.3989319968330116,0.02644021556230873,0.17652437350634953,0.41292960329590356,0.02644021556230873,isi_shuffle,,True,True,True,True,True,True,6,1.0,100.0,,,,,,
Richards_2017-11-01,27.0,35,True,False,1.3538024478440527,1.657279323510777,0.892431448365818,1.6572793235107757,-0.22767406902413245,0.16010617518716605,0.16254328420302755,-0.3075261626919802,-0.3075261626919802,isi_shuffle,,True,True,False,True,True,False,4,0.6666666666666666,66.66666666666666,,,,,,
Richards_2017-11-01,27.0,36,True,False,1.6844329398461833,2.1252693816326755,1.1229328310189406,2.125269381632675,-0.03889843531074799,-0.5610469967560083,-0.37909352468134183,0.1024489908381665,-0.5610469967560083,isi_shuffle,,True,True,False,False,False,True,3,0.5,50.0,,,,,,
Richards_2017-11-01,27.0,37,True,False,,,,,,,,,,isi_shuffle,,False,False,False,False,False,False,0,0.0,0.0,,,,,,
Richards_2017-11-01,27.0,38,True,False,0.8023405542243949,1.800401129481486,1.0342329657163558,1.800401129481487,0.16943703240093533,0.04710040028311013,-0.029538426883094493,0.1374310264821081,-0.029538426883094493,isi_shuffle,,True,True,True,True,False,True,5,0.8333333333333334,83.33333333333334,,,,,,
Richards_2017-11-01,27.0,39,True,False,,,,,,,,,,isi_shuffle,,False,False,False,False,False,False,0,0.0,0.0,,,,,,
Richards_2017-11-01,27.0,40,True,False,1.188433491613976,1.8923481962072295,1.5789013111858228,1.8923481962072266,-0.5300743637377262,-1.288923696291558,-0.5791543113699256,-0.1866387357829157,-1.288923696291558,isi_shuffle,,True,True,False,False,False,False,2,0.3333333333333333,33.33333333333333,,,,,,
Richards_2017-11-01,27.0,41,True,False,0.6528937600544227,1.5430327211973986,1.2187760639358212,1.5430327211973978,-0.322345848637033,0.2579988305848146,-0.18915240970864577,-0.558754339665149,-0.558754339665149,isi_shuffle,,True,True,False,True,False,False,3,0.5,50.0,,,,,,
Richards_2017-11-01,27.0,42,True,False,1.9945187500011978,2.166650977916689,1.3892083172168725,2.166650977916689,-0.14994536536564884,-0.14850674253049795,-0.5679681670847558,-0.24505099555581583,-0.5679681670847558,isi_shuffle,,True,True,False,False,False,False,2,0.3333333333333333,33.33333333333333,,,,,,
Richards_2017-11-01,27.0,43,True,False,,,,,,,,,,isi_shuffle,,False,False,False,False,False,False,0,0.0,0.0,,,,,,
Richards_2017-11-01,27.0,44,True,False,,,,,,,,,,isi_shuffle,,False,False,False,False,False,False,0,0.0,0.0,,,,,,
Richards_2017-11-01,27.0,45,True,False,0.9134342405146499,1.6453795170397332,1.357701612867132,1.6453795170397338,-0.06659377515077214,-0.6907615794648161,-0.12078704893538683,0.5174901463423128,-0.6907615794648161,isi_shuffle,,True,True,False,False,False,True,3,0.5,50.0,,,,,,
Richards_2017-11-01,27.0,46,True,False,,,,,,,,,,isi_shuffle,,False,False,False,False,False,False,0,0.0,0.0,,,,,,
Richards_2017-11-01,27.0,47,True,False,0.3620003053873422,1.8409060799506414,0.7051876429698669,1.8409060799506405,-0.14238191891717966,-0.023668470823696497,-0.10800554558317266,0.023847648424054513,-0.14238191891717966,isi_shuffle,,True,True,False,False,False,True,3,0.5,50.0,,,,,,
Richards_2017-11-01,27.0,48,True,False,1.1222000560745156,1.8297061114435877,1.670259746893118,1.8297061114435882,0.3513551545543925,-0.09620164190445041,-0.029348873782572116,0.19573938672140007,-0.09620164190445041,isi_shuffle,,True,True,True,False,False,True,4,0.6666666666666666,66.66666666666666,,,,,,
Richards_2017-11-01,27.0,49,True,False,0.12644582216938316,1.5439460630977273,1.146150522488755,1.543946063097729,0.9806351214497426,-0.5154517629684743,-0.31602358964614075,0.3531280533076316,-0.5154517629684743,isi_shuffle,,True,True,True,False,False,True,4,0.6666666666666666,66.66666666666666,,,,,,
Hench_2017-06-18,,0,True,False,1.3335530781664588,2.2201836949144957,1.91139617696187,2.220183694914498,-0.16751941921671754,0.8179657733533408,0.12008675279963765,0.03415246351318163,-0.16751941921671754,choice_label_shuffle,,True,True,False,True,True,True,5,0.8333333333333334,83.33333333333334,63.0,61.0,-0.16060514674704282,0.5616438356164384,146.0,145.0
Hench_2017-06-18,,1,True,False,1.2791098065605089,1.8150777917923016,1.3640435989020494,1.8150777917923027,0.09633187467031146,0.10703027994967859,-0.06392481860444144,0.2690670234298524,-0.06392481860444144,choice_label_shuffle,,True,True,True,True,False,True,5,0.8333333333333334,83.33333333333334,66.0,66.0,-0.23189668983185388,0.4383561643835616,146.0,145.0
Hench_2017-06-18,,2,True,False,0.5301775886064659,1.6222137486753674,1.5095083096125776,1.6222137486753658,-0.1894038903453512,-0.5197209349368423,0.04106182025593763,-0.777498015939984,-0.777498015939984,choice_label_shuffle,,True,True,False,False,True,False,3,0.5,50.0,72.0,72.0,-0.1574006138365986,0.5342465753424658,146.0,145.0
Hench_2017-06-18,,3,True,False,1.1769004530150418,1.9011364705277647,1.5283236781028662,1.901136470527766,0.2857082481745823,-0.19808875686082295,0.019120027330879363,-0.18952892136274746,-0.19808875686082295,choice_label_shuffle,,True,True,True,False,True,False,4,0.6666666666666666,66.66666666666666,66.0,65.0,-0.0466683800869816,0.4657534246575342,146.0,145.0
Hench_2017-06-18,,4,True,False,1.0445380067546397,1.9263538445383244,1.6234287121352327,1.9263538445383244,-0.23958251737220793,0.20372832206862865,-0.0012685917761687815,-0.2867992778298578,-0.2867992778298578,choice_label_shuffle,,True,True,False,True,False,False,3,0.5,50.0,63.0,60.0,-0.17659297904760857,0.4931506849315068,146.0,145.0
Hench_2017-06-18,,5,True,False,1.1465413995465386,1.8460019728466655,1.3227450165146748,1.8460019728466641,0.1723341064762849,-0.22620537900948934,0.15321812582460081,0.28815714608538,-0.22620537900948934,choice_label_shuffle,,True,True,True,False,True,True,5,0.8333333333333334,83.33333333333334,63.0,62.0,-0.16049453224706917,0.5342465753424658,146.0,145.0
Hench_2017-06-18,,6,True,False,0.8180324297824764,1.295845637582295,0.831506176101882,1.2958456375822953,0.128218892507189,-0.37516427665427976,-1.054240628151497,0.1725453769139732,-1.054240628151497,choice_label_shuffle,,True,True,True,False,False,True,4,0.6666666666666666,66.66666666666666,59.0,57.0,-0.15805490605929656,0.4794520547945205,146.0,145.0
Hench_2017-06-18,,7,True,False,0.5999574512094559,1.579215477658453,1.4143849259624144,1.5792154776584535,-0.8202279231374248,-0.051009723085053804,-0.36721618759968666,-0.23861715033295317,-0.8202279231374248,choice_label_shuffle,,True,True,False,False,False,False,2,0.3333333333333333,33.33333333333333,68.0,68.0,-0.20933605221776494,0.5342465753424658,146.0,145.0
Hench_2017-06-18,,8,True,True,1.2246558504255658,1.680020544485745,1.0447603664746445,1.6800205444857443,0.3069370714721599,0.6785563776365366,0.26559922182842133,0.07867814167397214,0.07867814167397214,choice_label_shuffle,,True,True,True,True,True,True,6,1.0,100.0,70.0,66.0,-0.15629369767463303,0.5068493150684932,146.0,145.0
Hench_2017-06-18,,9,True,False,1.1054591263568003,1.9101900745814724,1.488341732211596,1.9101900745814724,0.11571129835639171,-0.2710485898879156,0.5105097342621164,-0.03415023233726078,-0.2710485898879156,choice_label_shuffle,,True,True,True,False,True,False,4,0.6666666666666666,66.66666666666666,68.0,64.0,-0.1927652299743717,0.5616438356164384,146.0,145.0
Hench_2017-06-18,,10,True,False,1.1544685612982397,1.8443786975620549,1.5019809497797572,1.844378697562055,0.010103049843457113,-0.12099661113774668,0.22170850404459008,0.36510393610963005,-0.12099661113774668,choice_label_shuffle,,True,True,True,False,True,True,5,0.8333333333333334,83.33333333333334,62.0,60.0,-0.23927064486473124,0.4383561643835616,146.0,145.0
Hench_2017-06-18,,11,True,False,0.9747797792598552,1.7558654066504567,1.0501847165744453,1.7558654066504567,0.0491877754982748,0.014787619784131179,-0.2246507064592893,0.14594287891874422,-0.2246507064592893,choice_label_shuffle,,True,True,True,True,False,True,5,0.8333333333333334,83.33333333333334,62.0,60.0,-0.3495808436812383,0.5205479452054794,146.0,145.0
Hench_2017-06-18,,12,True,False,1.2279848359099477,1.987842830110021,1.615343802696211,1.9878428301100206,0.021180047161685867,-0.3197998034195648,-0.019835673721002367,0.7695983857131564,-0.3197998034195648,choice_label_shuffle,,True,True,True,False,False,True,4,0.6666666666666666,66.66666666666666,63.0,61.0,-0.3722926495424592,0.4931506849315068,146.0,145.0
Hench_2017-06-18,,13,True,False,0.9783867906161128,1.7296970562546186,1.132257312332852,1.7296970562546161,0.11115429606054339,-0.1675087957872615,0.14368545667504784,0.3162839178762099,-0.1675087957872615,choice_label_shuffle,,True,True,True,False,True,True,5,0.8333333333333334,83.33333333333334,70.0,70.0,-0.11869999046345214,0.5753424657534246,146.0,145.0
Hench_2017-06-18,,14,True,True,1.306355366311865,1.6302293022654435,1.1543619159329608,1.6302293022654437,0.029713983737771454,0.597049519543492,0.13722967246293405,0.05755101114447647,0.029713983737771454,choice_label_shuffle,,True,True,True,True,True,True,6,1.0,100.0,62.0,62.0,-0.11944027379515627,0.4794520547945205,146.0,145.0
Hench_2017-06-18,,15,True,False,1.3588592156543164,1.7217521406816605,1.0068266006821212,1.7217521406816614,0.16409686519118238,0.3104450466136788,0.1558612768785026,-0.3307136756298864,-0.3307136756298864,choice_label_shuffle,,True,True,True,True,True,False,5,0.8333333333333334,83.33333333333334,68.0,68.0,-0.15781548010090893,0.4246575342465753,146.0,145.0
Hench_2017-06-18,,16,True,False,1.6079074096741601,2.1815295115148654,1.7376049812676246,2.1815295115148636,-0.17612446594622488,-0.24054301009284668,0.09081516540471823,-0.7424161832234542,-0.7424161832234542,choice_label_shuffle,,True,True,False,False,True,False,3,0.5,50.0,73.0,73.0,-0.24775395598523298,0.4931506849315068,146.0,145.0
Hench_2017-06-18,,17,True,False,1.4267669975853279,1.9554003680732162,1.2631450279054803,1.955400368073214,-0.381923429155289,-0.10599036959683102,-0.0032300847337393135,0.48178520223413057,-0.381923429155289,choice_label_shuffle,,True,True,False,False,False,True,3,0.5,50.0,68.0,68.0,-0.20032072139194973,0.4794520547945205,146.0,145.0
Hench_2017-06-18,,18,True,False,0.9804752601104424,1.7643739171085435,1.4360147561588033,1.7643739171085455,0.4098545970645915,0.17294195409142793,-0.10360732473106626,0.2647854088685884,-0.10360732473106626,choice_label_shuffle,,True,True,True,True,False,True,5,0.8333333333333334,83.33333333333334,68.0,68.0,-0.15355192687475994,0.5616438356164384,146.0,145.0
Hench_2017-06-18,,19,True,True,1.19681138838258,1.5811935472311929,1.3568634847984653,1.5811935472311935,0.15051488165997062,0.2170522044726386,0.2936751775091514,0.14791583515198997,0.14791583515198997,choice_label_shuffle,,True,True,True,True,True,True,6,1.0,100.0,67.0,65.0,-0.14549899923808157,0.4657534246575342,146.0,145.0
Hench_2017-06-18,,20,True,False,1.5962666702111523,1.7466847265397527,1.2711761589593489,1.7466847265397538,0.02645735244940539,-0.03198168374311465,0.25007936031334954,0.013105327838399461,-0.03198168374311465,choice_label_shuffle,,True,True,True,False,True,True,5,0.8333333333333334,83.33333333333334,68.0,68.0,-0.22999986600945616,0.5205479452054794,146.0,145.0
Hench_2017-06-18,,21,True,False,0.7544948647542802,1.8985131922221363,1.6551682482977896,1.8985131922221345,0.08026875221494922,0.04234423260939074,0.5236655110565813,-0.2024297226400236,-0.2024297226400236,choice_label_shuffle,,True,True,True,True,True,False,5,0.8333333333333334,83.33333333333334,68.0,68.0,-0.0675714621143321,0.4246575342465753,146.0,145.0
Hench_2017-06-18,,22,True,False,1.3250892015993432,1.700136984562454,0.9853694098466982,1.7001369845624532,-0.01775319490362448,-0.15706236589127928,0.35057642694159163,0.19979393009896218,-0.15706236589127928,choice_label_shuffle,,True,True,False,False,True,True,4,0.6666666666666666,66.66666666666666,68.0,67.0,-0.20933582169108872,0.4657534246575342,146.0,145.0
Hench_2017-06-18,,23,True,False,1.0097584207417734,1.7510109131734077,0.9458825755689811,1.7510109131734086,0.32001617073365685,0.16561148659220173,-0.08539737880973397,-0.4179308988963145,-0.4179308988963145,choice_label_shuffle,,True,True,True,True,False,False,4,0.6666666666666666,66.66666666666666,65.0,64.0,-0.14815170519200543,0.4657534246575342,146.0,145.0
Hench_2017-06-18,,24,True,False,1.4317540948749843,1.9137290794238384,1.0556140595662882,1.913729079423839,-0.3435741965132456,0.1906751357698147,0.20701382394369672,0.024007992035880277,-0.3435741965132456,choice_label_shuffle,,True,True,False,True,True,True,5,0.8333333333333334,83.33333333333334,63.0,60.0,-0.2553572125935646,0.4931506849315068,146.0,145.0
Hench_2017-06-18,,25,True,False,1.4951821930997808,1.7580144387927163,1.6395830454644105,1.7580144387927163,-0.10297285795802047,0.2143832076807173,0.09734295232022738,-0.21023712008932038,-0.21023712008932038,choice_label_shuffle,,True,True,False,True,True,False,4,0.6666666666666666,66.66666666666666,59.0,56.0,-0.23972575454843406,0.547945205479452,146.0,145.0
Hench_2017-06-18,,26,True,False,1.6500017208234916,2.2360586277231014,1.9110596282515715,2.236058627723098,-0.10181846546349216,-0.11647408616917261,-0.20382767128164936,0.377133154938382,-0.20382767128164936,choice_label_shuffle,,True,True,False,False,False,True,3,0.5,50.0,70.0,70.0,-0.14896998457572425,0.5616438356164384,146.0,145.0
Hench_2017-06-18,,27,True,False,1.9339919044028613,2.015967933717827,1.637408241783605,2.015967933717826,-0.339726776045596,-0.5334575648279992,-0.4784179935714985,-0.09878967497403038,-0.5334575648279992,choice_label_shuffle,,True,True,False,False,False,False,2,0.3333333333333333,33.33333333333333,65.0,62.0,-0.257246972597696,0.5616438356164384,146.0,145.0
Hench_2017-06-18,,28,True,False,1.2446670957011357,2.03881119390338,1.858518288441318,2.038811193903379,-0.4656747603820156,0.05518186389833507,0.2997860342053874,0.45737397725822326,-0.4656747603820156,choice_label_shuffle,,True,True,False,True,True,True,5,0.8333333333333334,83.33333333333334,66.0,66.0,-0.06165605158782005,0.4794520547945205,146.0,145.0
Hench_2017-06-18,,29,True,False,0.4901958992063076,1.3689905954620656,1.14939581485698,1.3689905954620647,-0.12358923833738644,-0.21264034556699374,0.0827365481792649,0.12060819830319164,-0.21264034556699374,choice_label_shuffle,,True,True,False,False,True,True,4,0.6666666666666666,66.66666666666666,63.0,63.0,-0.1929651901392962,0.5205479452054794,146.0,145.0
Hench_2017-06-18,,30,True,False,1.0586530213726164,1.869722723239823,1.3712207764537343,1.869722723239824,0.2121125502731156,-0.02581533525543552,0.05366291904844167,-0.02966443874586877,-0.02966443874586877,choice_label_shuffle,,True,True,True,False,True,False,4,0.6666666666666666,66.66666666666666,62.0,54.0,-0.2720947237914544,0.4931506849315068,146.0,145.0
Hench_2017-06-18,,31,True,True,1.9567540172462294,2.1758179109145654,1.5903476189321515,2.175817910914566,0.028911023569233807,0.2316792807592751,0.045555385433259765,0.7443995984838481,0.028911023569233807,choice_label_shuffle,,True,True,True,True,True,True,6,1.0,100.0,61.0,61.0,-0.2158797053642844,0.4794520547945205,146.0,145.0
Hench_2017-06-18,,32,True,False,1.3852446737849182,1.73318461962718,1.2002028454235794,1.7331846196271805,0.14451279302678444,-0.13593702906845517,-0.3704532782889659,-0.05958197786096597,-0.3704532782889659,choice_label_shuffle,,True,True,True,False,False,False,3,0.5,50.0,65.0,64.0,-0.16717482184600413,0.5342465753424658,146.0,145.0
Hench_2017-06-18,,33,True,False,1.4323588601750248,1.9765687136370147,1.544806161040418,1.9765687136370154,0.18186327867534047,-0.3270279463481479,-0.30828564586268303,-0.09759160752774282,-0.3270279463481479,choice_label_shuffle,,True,True,True,False,False,False,3,0.5,50.0,73.0,73.0,-0.1336995120426449,0.4246575342465753,146.0,145.0
Hench_2017-06-18,,34,True,False,1.1429711467150694,1.7637036728757922,1.056539648860909,1.7637036728757922,-0.041374218612808766,0.07150736521596725,0.17267363429390437,-0.22873613261027714,-0.22873613261027714,choice_label_shuffle,,True,True,False,True,True,False,4,0.6666666666666666,66.66666666666666,68.0,63.0,-0.08892887230559139,0.5342465753424658,146.0,145.0
Hench_2017-06-18,,35,True,False,1.986523503748118,2.2067471298527552,1.5404004546313312,2.206747129852755,0.007822703259460662,0.28852416270045156,-0.1629241939731847,0.8298850013178596,-0.1629241939731847,choice_label_shuffle,,True,True,True,True,False,True,5,0.8333333333333334,83.33333333333334,73.0,71.0,-0.1251779172840708,0.5342465753424658,146.0,145.0
Hench_2017-06-18,,36,True,False,1.0236518178061063,1.4888436576142163,1.188100145800772,1.4888436576142154,-0.22231746187824242,-0.6426521457584795,-0.43699655861028264,-0.07191148070075537,-0.6426521457584795,choice_label_shuffle,,True,True,False,False,False,False,2,0.3333333333333333,33.33333333333333,61.0,53.0,-0.18132867711541792,0.5068493150684932,146.0,145.0
Hench_2017-06-18,,37,True,False,0.8514568775225989,1.3774582490733618,0.12758814090549842,1.3774582490733625,-0.0488267665156612,-0.4350696071377387,-0.13612415739238304,-0.17280495649320626,-0.4350696071377387,choice_label_shuffle,,True,True,False,False,False,False,2,0.3333333333333333,33.33333333333333,61.0,57.0,-0.24391390544773367,0.4520547945205479,146.0,145.0
Hench_2017-06-18,,38,True,False,1.465632988227414,1.729767331205486,1.2139716672681127,1.7297673312054862,-0.15510495315521577,-0.5096613481819392,-0.3186496753903163,0.11252688286165646,-0.5096613481819392,choice_label_shuffle,,True,True,False,False,False,True,3,0.5,50.0,55.0,52.0,-0.06747122439635161,0.5342465753424658,146.0,145.0
Hench_2017-06-18,,39,True,False,0.3722261875123891,1.8838861700949503,1.0241631222367253,1.8838861700949507,-0.05189526060073191,-0.7837043990171675,-0.10071638460382837,-0.18094980787304896,-0.7837043990171675,choice_label_shuffle,,True,True,False,False,False,False,2,0.3333333333333333,33.33333333333333,64.0,62.0,-0.11101172493278283,0.6027397260273972,146.0,145.0
Hench_2017-06-18,,40,True,False,1.793934390643812,2.0539121236045843,1.5277313396704972,2.0539121236045847,0.10726502678085748,-0.4163946587247951,-0.3042952551453919,-0.3971296831256923,-0.4163946587247951,choice_label_shuffle,,True,True,True,False,False,False,3,0.5,50.0,64.0,62.0,-0.12190212754093577,0.4520547945205479,146.0,145.0
Hench_2017-06-18,,41,True,False,1.1912079775428661,1.7798150288635053,0.9079232288716437,1.7798150288635046,-0.13814721163098054,0.41393525597973124,0.027687102414584164,-0.09630700286465499,-0.13814721163098054,choice_label_shuffle,,True,True,False,True,True,False,4,0.6666666666666666,66.66666666666666,63.0,59.0,-0.07449732271970771,0.5342465753424658,146.0,145.0
Hench_2017-06-18,,42,True,True,1.4739360339256748,2.059711440213025,1.4511156378461816,2.0597114402130257,0.18199777140509665,0.42186040373879763,0.06900849983478197,0.1974358334728804,0.06900849983478197,choice_label_shuffle,,True,True,True,True,True,True,6,1.0,100.0,65.0,62.0,-0.15786618256130286,0.4657534246575342,146.0,145.0
Hench_2017-06-18,,43,True,False,1.8608979880330712,2.062057019840003,1.7335065350264953,2.062057019840004,0.046364757376573085,-0.37855614211020416,0.373108749129918,0.1580422068869287,-0.37855614211020416,choice_label_shuffle,,True,True,True,False,True,True,5,0.8333333333333334,83.33333333333334,63.0,63.0,-0.20619686954868177,0.5342465753424658,146.0,145.0
Hench_2017-06-18,,44,True,False,1.299995378584307,2.0311315435787383,1.686608660017316,2.031131543578738,-0.3036816068690097,0.49529963850302017,0.09123759042052693,0.2956312267038569,-0.3036816068690097,choice_label_shuffle,,True,True,False,True,True,True,5,0.8333333333333334,83.33333333333334,64.0,64.0,-0.12297970212830503,0.547945205479452,146.0,145.0
Hench_2017-06-18,,45,True,False,0.8809618435260966,1.8518883572666691,1.5773630341119134,1.851888357266671,0.02661132289176038,-0.18666854078246164,-0.15524002210853394,-0.697287696001125,-0.697287696001125,choice_label_shuffle,,True,True,True,False,False,False,3,0.5,50.0,67.0,66.0,-0.2181466195668451,0.4794520547945205,146.0,145.0
Hench_2017-06-18,,46,True,False,1.0616623045868103,1.7757742757604087,1.047631675623515,1.77577427576041,-0.13342680634844917,0.020473775930798493,0.27046276836189187,-0.46271704577841777,-0.46271704577841777,choice_label_shuffle,,True,True,False,True,True,False,4,0.6666666666666666,66.66666666666666,59.0,56.0,-0.23736779779035866,0.5342465753424658,146.0,145.0
Hench_2017-06-18,,47,True,True,1.4831061796664342,1.6708884141779972,1.4833501831121534,1.670888414177998,0.12333669718689622,0.4899281865714724,0.16300706903298146,0.24262265815680745,0.12333669718689622,choice_label_shuffle,,True,True,True,True,True,True,6,1.0,100.0,60.0,58.0,-0.23995644400195457,0.4794520547945205,146.0,145.0
Hench_2017-06-18,,48,True,False,1.6945784442733394,1.8234850254386614,1.4356494867592011,1.8234850254386636,0.10678977929610411,0.35587148815068476,-0.24008952185563825,-0.08049267906967755,-0.24008952185563825,choice_label_shuffle,,True,True,True,True,False,False,4,0.6666666666666666,66.66666666666666,67.0,65.0,-0.24601624904177866,0.5068493150684932,146.0,145.0
Hench_2017-06-18,,49,True,False,0.9999020652577828,2.0658142077208104,1.6262127187156756,2.0658142077208113,0.567157686360761,0.1800809086580617,-0.064504231704962,0.08903096526282434,-0.064504231704962,choice_label_shuffle,,True,True,True,True,False,True,5,0.8333333333333334,83.33333333333334,68.0,68.0,-0.1307269393666614,0.4383561643835616,146.0,145.0
Lederberg_2017-12-11,,0,True,False,0.24975168690003713,1.6368921386028061,0.16501698463609604,1.6368921386028086,-0.14433099879476707,1.3301343507316175,0.06934368662435353,-0.018874393300966852,-0.14433099879476707,choice_label_shuffle,,True,True,False,True,True,False,4,0.6666666666666666,66.66666666666666,32.0,27.0,-0.246812805369334,0.5135135135135135,148.0,147.0
Lederberg_2017-12-11,,1,True,False,1.0948173744741108,1.5971546298424828,0.44383329034248775,1.5971546298424837,0.5115423266870689,0.46432747450524603,-0.34833206939837613,-0.03008005917054482,-0.34833206939837613,choice_label_shuffle,,True,True,True,True,False,False,4,0.6666666666666666,66.66666666666666,33.0,33.0,-0.041190891068354926,0.527027027027027,148.0,147.0
Lederberg_2017-12-11,,2,True,False,1.1433402950696996,1.5451552788395417,1.374126019141146,1.545155278839542,-0.2707542468913382,-0.26146593624586467,-0.22138063248506334,-0.436143015995694,-0.436143015995694,choice_label_shuffle,,True,True,False,False,False,False,2,0.3333333333333333,33.33333333333333,34.0,33.0,-0.2773337463560685,0.5135135135135135,148.0,147.0
Lederberg_2017-12-11,,3,True,True,0.8156495247119209,1.649727768241102,1.3764308050369611,1.649727768241102,0.4070049704232016,0.41336606037992724,0.25302463053745217,0.27830542904929306,0.25302463053745217,choice_label_shuffle,,True,True,True,True,True,True,6,1.0,100.0,31.0,31.0,-0.22063237143940875,0.44594594594594594,148.0,147.0
Lederberg_2017-12-11,,4,True,False,,,,,,,,,,choice_label_shuffle,,False,False,False,False,False,False,0,0.0,0.0,31.0,31.0,-0.10234956427175951,0.4594594594594595,148.0,147.0
Lederberg_2017-12-11,,5,True,False,1.3347787893742338,1.7342072400910489,0.6108299561071484,1.7342072400910489,-0.475260494619437,-0.2547391572225128,0.17678383584774426,-0.7172536567271471,-0.7172536567271471,choice_label_shuffle,,True,True,False,False,True,False,3,0.5,50.0,32.0,31.0,-0.038475512066199063,0.527027027027027,148.0,147.0
Lederberg_2017-12-11,,6,True,False,1.0066955984245516,1.7507044319356588,0.8656872109437502,1.7507044319356586,0.3707865480393878,0.374122981246303,-0.077532135814536,0.6207588186575935,-0.077532135814536,choice_label_shuffle,,True,True,True,True,False,True,5,0.8333333333333334,83.33333333333334,31.0,30.0,-0.06499940596152232,0.4864864864864865,148.0,147.0
Lederberg_2017-12-11,,7,True,False,,,,,,,,,,choice_label_shuffle,,False,False,False,False,False,False,0,0.0,0.0,30.0,29.0,-0.12602135536865233,0.4864864864864865,148.0,147.0
Lederberg_2017-12-11,,8,True,False,1.1874081922860962,1.8587591518282,1.0505149142176697,1.8587591518282007,0.06807478238083386,-0.29623947577866805,-0.3775447687189891,0.37495210762681697,-0.3775447687189891,choice_label_shuffle,,True,True,True,False,False,True,4,0.6666666666666666,66.66666666666666,32.0,31.0,-0.04897612862935663,0.4864864864864865,148.0,147.0
Lederberg_2017-12-11,,9,True,False,0.7842273600613583,1.8304254877310202,1.341217140388914,1.8304254877310207,-0.10073568082489037,0.3172338722698866,-0.013530494242688151,-0.19132685745602873,-0.19132685745602873,choice_label_shuffle,,True,True,False,True,False,False,3,0.5,50.0,33.0,31.0,-0.002954321987668908,0.47297297297297297,148.0,147.0
Lederberg_2017-12-11,,10,True,False,,,,,,,,,,choice_label_shuffle,,False,False,False,False,False,False,0,0.0,0.0,28.0,26.0,0.02247014732396678,0.5,148.0,147.0
Lederberg_2017-12-11,,11,True,False,1.4023845846434113,1.6546035358285132,1.5195833175965032,1.6546035358285136,-0.32704812011311235,-0.37945170130652106,-0.2717391352551288,-0.3833226295972886,-0.3833226295972886,choice_label_shuffle,,True,True,False,False,False,False,2,0.3333333333333333,33.33333333333333,35.0,32.0,-0.09175085441847691,0.3918918918918919,148.0,147.0
Lederberg_2017-12-11,,12,True,False,,,,,,,,,,choice_label_shuffle,,False,False,False,False,False,False,0,0.0,0.0,31.0,31.0,0.02968113887032115,0.4864864864864865,148.0,147.0
Lederberg_2017-12-11,,13,True,False,,,,,,,,,,choice_label_shuffle,,False,False,False,False,False,False,0,0.0,0.0,29.0,29.0,-0.12215497602394645,0.4594594594594595,148.0,147.0
Lederberg_2017-12-11,,14,True,False,0.8720414179244798,2.0439498805471636,1.637935946508582,2.0439498805471654,-0.020137874060977,0.2269551294594726,-0.005127869977860078,0.18848753998468995,-0.020137874060977,choice_label_shuffle,,True,True,False,True,False,True,4,0.6666666666666666,66.66666666666666,34.0,32.0,0.004812733259422559,0.5135135135135135,148.0,147.0
Lederberg_2017-12-11,,15,True,False,0.4960684147680265,1.346316027439786,0.43459371824973725,1.3463160274397865,-0.053424780039680764,0.5317742710883828,0.2721609610603364,0.45687930381528974,-0.053424780039680764,choice_label_shuffle,,True,True,False,True,True,True,5,0.8333333333333334,83.33333333333334,31.0,28.0,-0.06400334485196998,0.5,148.0,147.0
Lederberg_2017-12-11,,16,True,False,0.9581214644604438,1.5408672495211422,1.1023418317199876,1.5408672495211413,0.04357452503943282,0.23358201945806406,-0.3511393594793326,-0.185712208501116,-0.3511393594793326,choice_label_shuffle,,True,True,True,True,False,False,4,0.6666666666666666,66.66666666666666,31.0,27.0,-0.11682380483744334,0.44594594594594594,148.0,147.0
Lederberg_2017-12-11,,17,True,False,,,,,,,,,,choice_label_shuffle,,False,False,False,False,False,False,0,0.0,0.0,26.0,25.0,0.012001365618006715,0.5,148.0,147.0
Lederberg_2017-12-11,,18,True,False,,,,,,,,,,choice_label_shuffle,,False,False,False,False,False,False,0,0.0,0.0,29.0,29.0,-0.13929651481191688,0.5135135135135135,148.0,147.0
Lederberg_2017-12-11,,19,True,False,0.4768145482379944,1.629890701745353,1.2622964703717776,1.6298907017453532,0.5613639570917638,-0.03620819549451837,-0.2082998879049751,0.5625038317426659,-0.2082998879049751,choice_label_shuffle,,True,True,True,False,False,True,4,0.6666666666666666,66.66666666666666,34.0,33.0,-0.2846838498049723,0.527027027027027,148.0,147.0
Lederberg_2017-12-11,,20,True,False,1.5327069841015704,1.8218024622259963,0.8060435378796202,1.821802462225996,0.3304377494892161,0.046524022848825786,-0.08350632517434975,-0.19813299821571712,-0.19813299821571712,choice_label_shuffle,,True,True,True,True,False,False,4,0.6666666666666666,66.66666666666666,34.0,24.0,-0.1422339858270483,0.5540540540540541,148.0,147.0
Lederberg_2017-12-11,,21,True,False,1.7387331631391663,1.8911793041167817,0.8060234439242164,1.8911793041167826,0.21321836681753914,-0.1374420941680023,-0.043065470106312675,0.18396877497991673,-0.1374420941680023,choice_label_shuffle,,True,True,True,False,False,True,4,0.6666666666666666,66.66666666666666,32.0,28.0,-0.05342028183144684,0.43243243243243246,148.0,147.0
Lederberg_2017-12-11,,22,True,False,1.839750553730262,1.905169614443679,1.5275978257114087,1.9051696144436783,-0.42037645357521924,0.990657856116692,0.70798112640683,-0.4162154829564546,-0.42037645357521924,choice_label_shuffle,,True,True,False,True,True,False,4,0.6666666666666666,66.66666666666666,30.0,26.0,-0.08245806653772442,0.4189189189189189,148.0,147.0
Lederberg_2017-12-11,,23,True,False,,,,,,,,,,choice_label_shuffle,,False,False,False,False,False,False,0,0.0,0.0,31.0,27.0,0.0432975380552081,0.44594594594594594,148.0,147.0
Lederberg_2017-12-11,,24,True,False,,,,,,,,,,choice_label_shuffle,,False,False,False,False,False,False,0,0.0,0.0,30.0,29.0,-0.05044898143703881,0.4594594594594595,148.0,147.0
Lederberg_2017-12-11,,25,True,False,0.22830945412076242,1.521047404219857,0.13448870182702954,1.521047404219857,0.3474666324435617,-0.19742466260236988,0.5106123217530912,0.11535245728910117,-0.19742466260236988,choice_label_shuffle,,True,True,True,False,True,True,5,0.8333333333333334,83.33333333333334,32.0,28.0,-0.21432061663230745,0.5,148.0,147.0
Lederberg_2017-12-11,,26,True,False,1.236576246490503,1.3640408411562557,0.9414704763976827,1.364040841156254,-0.5240998778099253,0.40088167994146623,0.3343675977902697,-0.27998438758876487,-0.5240998778099253,choice_label_shuffle,,True,True,False,True,True,False,4,0.6666666666666666,66.66666666666666,31.0,28.0,-0.2452710014834254,0.5675675675675675,148.0,147.0
Lederberg_2017-12-11,,27,True,False,0.9220307497937374,1.5770903287950802,1.4703252661018285,1.5770903287950813,-0.2551279767114669,0.33673919195852997,-0.1582724358669132,-0.22860103814843935,-0.2551279767114669,choice_label_shuffle,,True,True,False,True,False,False,3,0.5,50.0,32.0,31.0,-0.07232758730805784,0.5540540540540541,148.0,147.0
Lederberg_2017-12-11,,28,True,False,1.9378532225707412,2.4398360547199274,1.7599139177127159,2.439836054719928,-0.19971768051656347,-0.7546596185221921,-0.23606948079353907,0.5335976346880126,-0.7546596185221921,choice_label_shuffle,,True,True,False,False,False,True,3,0.5,50.0,34.0,33.0,-0.10770691997476742,0.5135135135135135,148.0,147.0
Lederberg_2017-12-11,,29,True,False,1.5939713759862404,1.8559876923433425,1.403701754482186,1.8559876923433427,-0.41808196437864664,0.6319324863654464,-0.006628681162702765,-0.26625845324614483,-0.41808196437864664,choice_label_shuffle,,True,True,False,True,False,False,3,0.5,50.0,37.0,36.0,-0.0525875044107047,0.47297297297297297,148.0,147.0
Lederberg_2017-12-11,,30,True,False,1.125729249565015,1.4978832567874327,0.8377803829691561,1.4978832567874332,0.2967842812987961,0.40535470783261557,-0.06899166756321384,0.37841037297959035,-0.06899166756321384,choice_label_shuffle,,True,True,True,True,False,True,5,0.8333333333333334,83.33333333333334,33.0,31.0,-0.09934688182615253,0.5135135135135135,148.0,147.0
Lederberg_2017-12-11,,31,True,False,0.8957036039436588,1.4369999957080395,0.42232631713533064,1.436999995708039,-0.3877721811656296,-0.01017859006790367,0.18365369368253814,-0.6405940705372645,-0.6405940705372645,choice_label_shuffle,,True,True,False,False,True,False,3,0.5,50.0,36.0,33.0,-0.25221269109119243,0.527027027027027,148.0,147.0
Lederberg_2017-12-11,,32,True,False,1.0782077858130417,1.6095071723788141,0.5855960462720546,1.6095071723788132,-0.24977982048518155,-0.024392447273133278,0.022446363793743984,0.06542650668079047,-0.24977982048518155,choice_label_shuffle,,True,True,False,False,True,True,4,0.6666666666666666,66.66666666666666,30.0,30.0,-0.12707794728365157,0.527027027027027,148.0,147.0
Lederberg_2017-12-11,,33,True,False,1.9371473316119359,1.9899779296495632,0.7042464337452876,1.9899779296495639,-0.0046811027824589235,0.17155456847185174,-0.10645751611027321,0.6153220541066955,-0.10645751611027321,choice_label_shuffle,,True,True,False,True,False,True,4,0.6666666666666666,66.66666666666666,32.0,27.0,-0.1301726900763735,0.6081081081081081,148.0,147.0
Lederberg_2017-12-11,,34,True,False,1.3419140963977458,1.8584662731720816,1.2384011971131716,1.8584662731720833,0.2635001213550343,-0.17973113611135366,-0.03224081254099409,0.006632754114815564,-0.17973113611135366,choice_label_shuffle,,True,True,True,False,False,True,4,0.6666666666666666,66.66666666666666,33.0,33.0,-0.12287643899312413,0.47297297297297297,148.0,147.0
Lederberg_2017-12-11,,35,True,False,1.5656705955322603,1.83825926400438,1.4800602442634356,1.838259264004381,-0.037019633392474605,0.0674401584762453,0.10279058617621928,-0.025943627852558826,-0.037019633392474605,choice_label_shuffle,,True,True,False,True,True,False,4,0.6666666666666666,66.66666666666666,32.0,30.0,-0.10262505016453283,0.5,148.0,147.0
Lederberg_2017-12-11,,36,True,False,1.0621661599635914,1.4790051747244026,1.1355803067173627,1.4790051747244022,0.07450616457463788,0.36784102221153314,0.22152493415366115,-0.14410690901730017,-0.14410690901730017,choice_label_shuffle,,True,True,True,True,True,False,5,0.8333333333333334,83.33333333333334,35.0,34.0,-0.13931865112721464,0.5540540540540541,148.0,147.0
Lederberg_2017-12-11,,37,True,False,,,,,,,,,,choice_label_shuffle,,False,False,False,False,False,False,0,0.0,0.0,35.0,34.0,-0.018345564129755132,0.4864864864864865,148.0,147.0
Lederberg_2017-12-11,,38,True,True,0.26680236495403076,1.583587593129135,0.7100769468792023,1.5835875931291348,0.06464488880353292,0.6956990265181409,0.16247278638128915,0.32793519433875695,0.06464488880353292,choice_label_shuffle,,True,True,True,True,True,True,6,1.0,100.0,31.0,23.0,-0.04848946153147753,0.527027027027027,148.0,147.0
Lederberg_2017-12-11,,39,True,False,1.5939725112172063,2.0782687384304896,0.9947349712269757,2.078268738430491,-0.39824875262522363,0.8186851506302218,0.2662445811221643,0.5420163210242517,-0.39824875262522363,choice_label_shuffle,,True,True,False,True,True,True,5,0.8333333333333334,83.33333333333334,33.0,31.0,-0.17268109251824182,0.5,148.0,147.0
Lederberg_2017-12-11,,40,True,False,1.4320736395439309,1.990834228915474,1.7431069179014174,1.990834228915474,-0.034833791442432815,-0.3744343123530181,0.11234082803760259,0.1142479944590471,-0.3744343123530181,choice_label_shuffle,,True,True,False,False,True,True,4,0.6666666666666666,66.66666666666666,31.0,31.0,-0.2856592858789354,0.4864864864864865,148.0,147.0
Lederberg_2017-12-11,,41,True,False,0.8522429587647524,2.066275446922162,1.7254967821438127,2.066275446922161,0.19814906446160752,-0.3857548070652075,-0.16887992942369556,0.5147777190853982,-0.3857548070652075,choice_label_shuffle,,True,True,True,False,False,True,4,0.6666666666666666,66.66666666666666,34.0,34.0,-0.16945738227128584,0.47297297297297297,148.0,147.0
Lederberg_2017-12-11,,42,True,False,,,,,,,,,,choice_label_shuffle,,False,False,False,False,False,False,0,0.0,0.0,33.0,33.0,0.029147340292543344,0.5135135135135135,148.0,147.0
Lederberg_2017-12-11,,43,True,False,,,,,,,,,,choice_label_shuffle,,False,False,False,False,False,False,0,0.0,0.0,32.0,32.0,-0.09262671219792637,0.6081081081081081,148.0,147.0
Lederberg_2017-12-11,,44,True,False,1.2330935967859236,2.017239695587616,1.5512269441259978,2.0172396955876164,-0.2540600013346477,0.14687257263244805,0.21811129824952413,0.563550337173977,-0.2540600013346477,choice_label_shuffle,,True,True,False,True,True,True,5,0.8333333333333334,83.33333333333334,33.0,32.0,-0.03969453089021157,0.5540540540540541,148.0,147.0
Lederberg_2017-12-11,,45,True,False,,,,,,,,,,choice_label_shuffle,,False,False,False,False,False,False,0,0.0,0.0,29.0,29.0,-0.10656063482700434,0.4864864864864865,148.0,147.0
Lederberg_2017-12-11,,46,True,False,-0.0946587043070588,1.5227824012405264,0.723701835391412,1.5227824012405264,0.11745049179514355,-0.027234952271966317,-0.166224791929106,0.1330120884922049,-0.166224791929106,choice_label_shuffle,,False,True,True,False,False,True,3,0.5,50.0,31.0,29.0,-0.08534051739071596,0.5540540540540541,148.0,147.0
Lederberg_2017-12-11,,47,True,False,0.7758826191438977,1.4198904740086327,0.7464631221252946,1.419890474008633,-0.2675188876664949,0.3953026134753216,0.1610858686905744,-0.1761995258004384,-0.2675188876664949,choice_label_shuffle,,True,True,False,True,True,False,4,0.6666666666666666,66.66666666666666,35.0,31.0,-0.19686608676824052,0.527027027027027,148.0,147.0
Lederberg_2017-12-11,,48,True,False,1.1154671786272012,1.6058353297960142,0.5480767652575262,1.6058353297960133,-0.03780283189631728,-0.3814370619435449,-0.2571318786739931,0.0737309566999223,-0.3814370619435449,choice_label_shuffle,,True,True,False,False,False,True,3,0.5,50.0,31.0,25.0,-0.062403537729367464,0.5,148.0,147.0
Lederberg_2017-12-11,,49,True,False,1.2480257991300414,1.9421653880423901,1.0576496822160288,1.942165388042391,-0.3711208377176676,0.2703680194657606,0.08703932223984379,0.3237385621870568,-0.3711208377176676,choice_label_shuffle,,True,True,False,True,True,True,5,0.8333333333333334,83.33333333333334,30.0,29.0,-0.198342377553922,0.5405405405405406,148.0,147.0
Radnitz_2017-01-12,,0,True,True,0.5398848006134018,1.1073637364298035,0.522184424469808,1.1073637364298035,0.1710492394104992,0.4684714304308983,0.5479310360441463,0.14096441492319742,0.14096441492319742,choice_label_shuffle,,True,True,True,True,True,True,6,1.0,100.0,65.0,64.0,-0.4830835343757782,0.42105263157894735,38.0,24.0
Radnitz_2017-01-12,,1,True,False,-0.052146315786201436,0.9210739616552654,-0.24620570782713158,0.921073961655266,0.6929861322356431,0.23962715895130898,0.2109586445096968,0.10143572069014395,-0.24620570782713158,choice_label_shuffle,,False,False,True,True,True,True,4,0.6666666666666666,66.66666666666666,62.0,62.0,-0.3022230541907174,0.47368421052631576,38.0,24.0
Radnitz_2017-01-12,,2,True,False,0.7257423283695712,1.4927814682620604,1.2023510009221903,1.4927814682620602,-0.056516346967849795,-0.03184965057227354,-0.5049724239642106,0.1804709233022928,-0.5049724239642106,choice_label_shuffle,,True,True,False,False,False,True,3,0.5,50.0,62.0,62.0,-0.11603077263581021,0.5263157894736842,38.0,24.0
Radnitz_2017-01-12,,3,True,False,0.3218819684299575,1.386577099612469,0.6266552515789263,1.3865770996124702,-0.22733306133248976,-0.13711347247805739,0.0030590234510845526,-0.4636050713566383,-0.4636050713566383,choice_label_shuffle,,True,True,False,False,True,False,3,0.5,50.0,59.0,57.0,-0.5150361016109295,0.5263157894736842,38.0,24.0
Radnitz_2017-01-12,,4,True,False,0.18756489873991078,1.2880542242910435,0.7728584141253421,1.288054224291044,-0.5487182384176916,-0.2927589471186697,0.009553483349154623,-0.2690879960101481,-0.5487182384176916,choice_label_shuffle,,True,True,False,False,True,False,3,0.5,50.0,59.0,59.0,-0.6900085207974422,0.5789473684210527,38.0,24.0
Radnitz_2017-01-12,,5,True,False,1.1388425459831262,1.811924227009345,1.1396525234367156,1.8119242270093447,-0.10224770936844507,0.28145931464486423,0.3303335628946382,-0.2378420501132012,-0.2378420501132012,choice_label_shuffle,,True,True,False,True,True,False,4,0.6666666666666666,66.66666666666666,56.0,54.0,-0.16006439224494334,0.5789473684210527,38.0,24.0
Radnitz_2017-01-12,,6,True,False,1.4287057979959272,1.8965198602948503,1.825090389827588,1.89651986029485,-0.08121664733945955,-0.4403838928178467,0.026789574571737473,0.025170819034655845,-0.4403838928178467,choice_label_shuffle,,True,True,False,False,True,True,4,0.6666666666666666,66.66666666666666,61.0,61.0,-0.1343115073253527,0.42105263157894735,38.0,24.0
Radnitz_2017-01-12,,7,True,False,1.1605218354704103,1.586386496368261,1.049259264223204,1.5863864963682601,0.2121791925776676,-0.07749378296074222,0.04192293310493356,-0.042430453024782655,-0.07749378296074222,choice_label_shuffle,,True,True,True,False,True,False,4,0.6666666666666666,66.66666666666666,67.0,67.0,-0.23602669737921989,0.5263157894736842,38.0,24.0
Radnitz_2017-01-12,,8,True,False,0.9578185305978124,1.9010000709509445,1.8093060065179736,1.9010000709509438,0.09119569021640928,0.3383319576629993,-0.03953801637911103,-0.8916233802855131,-0.8916233802855131,choice_label_shuffle,,True,True,True,True,False,False,4,0.6666666666666666,66.66666666666666,59.0,58.0,-0.2720282789292794,0.47368421052631576,38.0,24.0
Radnitz_2017-01-12,,9,True,False,1.2494500834244096,1.4720641870506672,1.2935713592244686,1.4720641870506672,-0.1222842109092539,-0.2140419023666606,0.1802226114621467,-0.1624294944279952,-0.2140419023666606,choice_label_shuffle,,True,True,False,False,True,False,3,0.5,50.0,60.0,60.0,-0.3075376848895953,0.3684210526315789,38.0,24.0
Radnitz_2017-01-12,,10,True,False,1.2313147037077623,1.3115743488125988,0.5071997214084434,1.3115743488125975,-0.4403662740159089,-0.30766583904926437,-0.04524799983368055,-0.5785270307347459,-0.5785270307347459,choice_label_shuffle,,True,True,False,False,False,False,2,0.3333333333333333,33.33333333333333,61.0,61.0,0.03850986285783156,0.42105263157894735,38.0,24.0
Radnitz_2017-01-12,,11,True,False,1.1599691183371528,1.6047882850198205,1.0352085688525936,1.6047882850198205,0.17371658369947984,0.0703360967669241,-0.2911647347802033,-0.13978082457755264,-0.2911647347802033,choice_label_shuffle,,True,True,True,True,False,False,4,0.6666666666666666,66.66666666666666,64.0,61.0,-0.32277225604814674,0.47368421052631576,38.0,24.0
Radnitz_2017-01-12,,12,True,False,1.3113178519105344,2.115362709414124,1.9099472399813218,2.1153627094141245,0.15872464369209172,0.3384459250200784,0.05323358316619964,-0.4372069857634029,-0.4372069857634029,choice_label_shuffle,,True,True,True,True,True,False,5,0.8333333333333334,83.33333333333334,57.0,56.0,0.07011842515585942,0.631578947368421,38.0,24.0
Radnitz_2017-01-12,,13,True,False,0.18005344250168048,0.9398897820895707,0.006106195400524594,0.9398897820895704,-0.0904095289975051,-0.5971628715924358,-0.8114510531628687,-0.6481160031354993,-0.8114510531628687,choice_label_shuffle,,True,True,False,False,False,False,2,0.3333333333333333,33.33333333333333,64.0,60.0,-0.22106566892777882,0.5263157894736842,38.0,24.0
Radnitz_2017-01-12,,14,True,False,1.6001369301517672,1.9260544095391066,1.401944120937119,1.9260544095391063,-0.5009063848728067,-0.40242606926403174,0.1192701571242607,0.029994438660531655,-0.5009063848728067,choice_label_shuffle,,True,True,False,False,True,True,4,0.6666666666666666,66.66666666666666,62.0,62.0,-0.5660169800335082,0.631578947368421,38.0,24.0
Radnitz_2017-01-12,,15,True,False,0.3500110416246659,1.3248855666454957,0.014655667714215115,1.3248855666454957,0.058684375197558536,0.20689125182831564,-0.1024384080747116,-0.30710627492219134,-0.30710627492219134,choice_label_shuffle,,True,True,True,True,False,False,4,0.6666666666666666,66.66666666666666,65.0,65.0,-0.6151419600610043,0.5263157894736842,38.0,24.0
Radnitz_2017-01-12,,16,True,False,1.6437076384569,1.9491242346825501,1.32193429393609,1.9491242346825501,0.036482535800173244,0.6227093913078394,-0.09158250420756353,0.5636254555124128,-0.09158250420756353,choice_label_shuffle,,True,True,True,True,False,True,5,0.8333333333333334,83.33333333333334,54.0,53.0,-0.18300887799725193,0.42105263157894735,38.0,24.0
Radnitz_2017-01-12,,17,True,False,0.4934322887986142,1.5449646610888674,0.7436558950928602,1.5449646610888674,-0.3820800757043923,-0.3901450363588117,-0.013216452973987769,-0.38744435038102737,-0.3901450363588117,choice_label_shuffle,,True,True,False,False,False,False,2,0.3333333333333333,33.33333333333333,65.0,65.0,0.028176359780865745,0.47368421052631576,38.0,24.0
Radnitz_2017-01-12,,18,True,False,0.21514273735516248,1.3215591280471182,0.5195043830499211,1.3215591280471182,-0.20215458624773375,0.4543008142525145,0.5416971917269474,-0.0337860148484056,-0.20215458624773375,choice_label_shuffle,,True,True,False,True,True,False,4,0.6666666666666666,66.66666666666666,59.0,57.0,-0.3141554551008187,0.47368421052631576,38.0,24.0
Radnitz_2017-01-12,,19,True,False,1.1384944595860436,1.8273453505820854,1.28257158949573,1.8273453505820854,0.4315098095904796,-0.2593086122643862,-0.12077974342316566,0.049635841685968296,-0.2593086122643862,choice_label_shuffle,,True,True,True,False,False,True,4,0.6666666666666666,66.66666666666666,56.0,56.0,-0.1548152723609536,0.631578947368421,38.0,24.0
Radnitz_2017-01-12,,20,True,False,0.052418174248800575,1.1694487707647432,-0.19245272187029855,1.1694487707647443,0.5785803149468434,-0.005571632814470595,0.3751443814927631,0.4599176099936234,-0.19245272187029855,choice_label_shuffle,,True,False,True,False,True,True,4,0.6666666666666666,66.66666666666666,63.0,61.0,-0.26258447033813237,0.5263157894736842,38.0,24.0
Radnitz_2017-01-12,,21,True,False,-0.3604331758448267,0.746076344993289,-0.8339569422934643,0.7460763449932891,-0.10712836697829875,-1.213569222994854,-0.5154127255681145,-0.15852962795292486,-1.213569222994854,choice_label_shuffle,,False,False,False,False,False,False,0,0.0,0.0,63.0,61.0,-0.34076704124174706,0.5263157894736842,38.0,24.0
Radnitz_2017-01-12,,22,True,False,1.0013350797757157,1.1992380549917432,-0.10136277709364383,1.199238054991743,0.3149099280625076,-0.42465690428851244,-0.1878063618614011,0.7702082813088398,-0.42465690428851244,choice_label_shuffle,,True,False,True,False,False,True,3,0.5,50.0,63.0,62.0,-0.5101098226623331,0.3684210526315789,38.0,24.0
Radnitz_2017-01-12,,23,True,False,1.1553405482666252,2.067198746331691,1.331196012361032,2.0671987463316923,-0.010722923518311722,0.7687865506639315,-0.03256455235540301,0.3068081347051162,-0.03256455235540301,choice_label_shuffle,,True,True,False,True,False,True,4,0.6666666666666666,66.66666666666666,53.0,53.0,0.027492559671632937,0.631578947368421,38.0,24.0
Radnitz_2017-01-12,,24,True,False,0.92206209528097,1.7646273979618974,1.707339510605549,1.7646273979618978,-0.2788079306210599,0.34015630041088596,0.4498468929588253,0.6469765125168587,-0.2788079306210599,choice_label_shuffle,,True,True,False,True,True,True,5,0.8333333333333334,83.33333333333334,63.0,63.0,-0.5003355697902963,0.5789473684210527,38.0,24.0
Radnitz_2017-01-12,,25,True,False,1.065883360254866,1.916431269431648,1.4824650493095621,1.9164312694316479,0.04283475210466858,0.3345630934866362,-0.020415697190205195,-0.03062319075042136,-0.03062319075042136,choice_label_shuffle,,True,True,True,True,False,False,4,0.6666666666666666,66.66666666666666,61.0,57.0,-0.47156955403941114,0.47368421052631576,38.0,24.0
Radnitz_2017-01-12,,26,True,True,0.14487379325066574,1.3200069384698934,0.2658847476752484,1.320006938469892,0.09324333543204177,0.45144755632270606,0.46877220217458115,0.03347936463288326,0.03347936463288326,choice_label_shuffle,,True,True,True,True,True,True,6,1.0,100.0,66.0,66.0,-0.08059429564931878,0.5263157894736842,38.0,24.0
Radnitz_2017-01-12,,27,True,False,1.3909400443279347,2.0734760922566933,1.7863122699959417,2.073476092256693,-0.2653430463018176,0.5744220293783697,0.28478342810930024,-0.5188056270867876,-0.5188056270867876,choice_label_shuffle,,True,True,False,True,True,False,4,0.6666666666666666,66.66666666666666,57.0,57.0,-0.09371619944771986,0.47368421052631576,38.0,24.0
Radnitz_2017-01-12,,28,True,False,0.7740557206401588,1.9044065258480678,1.826667961801617,1.9044065258480671,0.07453461159631625,0.4350437050138819,0.07631203191860436,-0.21062010607075132,-0.21062010607075132,choice_label_shuffle,,True,True,True,True,True,False,5,0.8333333333333334,83.33333333333334,52.0,52.0,-0.4357326195235657,0.631578947368421,38.0,24.0
Radnitz_2017-01-12,,29,True,False,1.3846271708410212,2.028888431721155,1.6511740784108317,2.0288884317211546,-0.2813015390057201,-0.1835202162712901,-0.319670458902669,-0.7224074806072683,-0.7224074806072683,choice_label_shuffle,,True,True,False,False,False,False,2,0.3333333333333333,33.33333333333333,68.0,67.0,-0.21415021778749257,0.631578947368421,38.0,24.0
Radnitz_2017-01-12,,30,True,False,1.6484846219296465,1.9444637899551231,0.9299500019787067,1.9444637899551231,0.06310712333976398,-0.24657410943093291,-0.2529914016431718,0.615301253234016,-0.2529914016431718,choice_label_shuffle,,True,True,True,False,False,True,4,0.6666666666666666,66.66666666666666,67.0,67.0,-0.41760399403142856,0.3684210526315789,38.0,24.0
Radnitz_2017-01-12,,31,True,False,0.1785767496816183,1.4108499317679737,0.44225992200536757,1.410849931767973,0.5040454347554819,0.21227809112934218,-0.16256165091710728,0.3723420631198322,-0.16256165091710728,choice_label_shuffle,,True,True,True,True,False,True,5,0.8333333333333334,83.33333333333334,61.0,61.0,-0.3312278703818406,0.42105263157894735,38.0,24.0
Radnitz_2017-01-12,,32,True,False,-0.4179893536649837,0.7733247556599784,-0.9202477259715122,0.7733247556599787,0.48268626625220756,-0.4011017262561628,-0.18389942020705763,0.6849877300147916,-0.9202477259715122,choice_label_shuffle,,False,False,True,False,False,True,2,0.3333333333333333,33.33333333333333,60.0,60.0,-0.461007703616417,0.5789473684210527,38.0,24.0
Radnitz_2017-01-12,,33,True,False,1.2592150647753657,1.9937607257807788,1.3959500173869113,1.9937607257807788,-0.36895172208314286,-0.21987809820719725,0.13115047891695797,-0.8385370181574228,-0.8385370181574228,choice_label_shuffle,,True,True,False,False,True,False,3,0.5,50.0,64.0,64.0,-0.2802804708865182,0.6842105263157895,38.0,24.0
Radnitz_2017-01-12,,34,True,False,1.0600305360015203,1.8118967871450182,1.2193405477602959,1.8118967871450173,-0.27399231756658915,0.3947833582563543,-0.08494358706802907,0.08230458960814262,-0.27399231756658915,choice_label_shuffle,,True,True,False,True,False,True,4,0.6666666666666666,66.66666666666666,58.0,58.0,-0.21365577118503234,0.47368421052631576,38.0,24.0
Radnitz_2017-01-12,,35,True,False,1.3605299620737437,1.785512198789604,0.7729521259441721,1.7855121987896048,-0.0708447691148073,-0.7138717864712529,-0.17006626009763248,-0.19202751890881642,-0.7138717864712529,choice_label_shuffle,,True,True,False,False,False,False,2,0.3333333333333333,33.33333333333333,61.0,57.0,-0.19844090426630961,0.42105263157894735,38.0,24.0
Radnitz_2017-01-12,,36,True,True,1.5136727757268558,1.7330277562053187,1.2801635588412896,1.7330277562053193,0.2922750122395741,0.5277983650492434,0.47627425782600874,0.3248293816786004,0.2922750122395741,choice_label_shuffle,,True,True,True,True,True,True,6,1.0,100.0,62.0,61.0,-0.3265088042953863,0.5263157894736842,38.0,24.0
Radnitz_2017-01-12,,37,True,False,1.1066645235099997,1.52325890459671,1.0629665661100942,1.5232589045967107,0.1541092125908582,-0.1026193931455429,-0.029793736896790657,0.7838889144956163,-0.1026193931455429,choice_label_shuffle,,True,True,True,False,False,True,4,0.6666666666666666,66.66666666666666,59.0,57.0,-0.17345000562675822,0.47368421052631576,38.0,24.0
Radnitz_2017-01-12,,38,True,False,1.1719450530127162,1.6995689841923722,1.2807723964835722,1.699568984192373,0.35591102112597683,-0.1904811352532637,0.2583366491526631,-0.5142303191769507,-0.5142303191769507,choice_label_shuffle,,True,True,True,False,True,False,4,0.6666666666666666,66.66666666666666,58.0,58.0,-0.06139563304739759,0.42105263157894735,38.0,24.0
Radnitz_2017-01-12,,39,True,False,0.3726013297511259,1.3717289063373712,1.2582918824129823,1.3717289063373712,-0.14860517017114694,-1.0460850470372582,-0.426509847030222,0.03362433453595859,-1.0460850470372582,choice_label_shuffle,,True,True,False,False,False,True,3,0.5,50.0,62.0,60.0,-0.04887197279546146,0.42105263157894735,38.0,24.0
Radnitz_2017-01-12,,40,True,True,1.0890625163930927,1.401276336199983,0.9987736741162007,1.4012763361999834,0.4351896450457795,0.2032481333008608,0.5714498856755681,0.1100987895655976,0.1100987895655976,choice_label_shuffle,,True,True,True,True,True,True,6,1.0,100.0,65.0,65.0,-0.2696383761998772,0.42105263157894735,38.0,24.0
Radnitz_2017-01-12,,41,True,False,1.1738147658478004,1.4934727444987816,0.7711529018504011,1.4934727444987816,0.089874489754463,-0.01141318483102391,0.024107034334438504,0.08715953552997224,-0.01141318483102391,choice_label_shuffle,,True,True,True,False,True,True,5,0.8333333333333334,83.33333333333334,61.0,59.0,-0.42206944074991526,0.47368421052631576,38.0,24.0
Radnitz_2017-01-12,,42,True,False,-1.0340988911002622,0.5123781445771928,-0.9910599105898512,0.5123781445771932,-0.03425885472993573,-0.040209778763007686,-0.08158041648205616,0.0385843155652732,-1.0340988911002622,choice_label_shuffle,,False,False,False,False,False,True,1,0.16666666666666666,16.666666666666664,61.0,61.0,-0.4928411306606866,0.47368421052631576,38.0,24.0
Radnitz_2017-01-12,,43,True,False,1.6133149759916432,1.8828250532305797,1.2389394773315077,1.8828250532305801,-0.15038268191690518,-0.23996274411744728,0.24727379930864024,-0.06979873061983549,-0.23996274411744728,choice_label_shuffle,,True,True,False,False,True,False,3,0.5,50.0,58.0,56.0,0.03815518375551191,0.42105263157894735,38.0,24.0
Radnitz_2017-01-12,,44,True,False,1.5001748293478723,2.0202467091791725,1.5347714229607332,2.020246709179174,0.2065469587749329,0.17232139220706594,-0.07581369767843538,0.41313071787708067,-0.07581369767843538,choice_label_shuffle,,True,True,True,True,False,True,5,0.8333333333333334,83.33333333333334,64.0,64.0,-0.25243868384070123,0.3684210526315789,38.0,24.0
Radnitz_2017-01-12,,45,True,False,0.3489101915521893,1.1243503247187119,-0.13268683847349372,1.124350324718712,0.6293895032816137,0.03497446862099586,0.22249657092447928,0.35781402435121734,-0.13268683847349372,choice_label_shuffle,,True,False,True,True,True,True,5,0.8333333333333334,83.33333333333334,64.0,64.0,-0.23301494112243282,0.631578947368421,38.0,24.0
Radnitz_2017-01-12,,46,True,False,1.1052022683236928,1.5265438660195318,0.9866979712146577,1.5265438660195312,-0.2611108939480281,0.3905216171004387,0.13035233634064647,-0.42184167990304905,-0.42184167990304905,choice_label_shuffle,,True,True,False,True,True,False,4,0.6666666666666666,66.66666666666666,65.0,63.0,-0.3691741224233575,0.47368421052631576,38.0,24.0
Radnitz_2017-01-12,,47,True,False,1.6564254271909586,2.140906355955544,1.2106033907478682,2.1409063559555435,0.016053398724418244,0.8011883251406271,0.3461912634679165,-0.3392568343359822,-0.3392568343359822,choice_label_shuffle,,True,True,True,True,True,False,5,0.8333333333333334,83.33333333333334,62.0,61.0,-0.4206861305088425,0.3684210526315789,38.0,24.0
Radnitz_2017-01-12,,48,True,False,1.0378339311234928,1.4419659213940028,0.8133338307504776,1.4419659213940028,0.08336812583214714,0.5096863341490516,0.021506107420141363,-0.41849961855984663,-0.41849961855984663,choice_label_shuffle,,True,True,True,True,True,False,5,0.8333333333333334,83.33333333333334,65.0,63.0,-0.21935464071213429,0.5789473684210527,38.0,24.0
Radnitz_2017-01-12,,49,True,False,1.353686256318495,1.671451458147757,1.2272842573188678,1.6714514581477562,-0.11099287499960031,-0.2794553039380665,-0.13402947108572194,0.007197636039392052,-0.2794553039380665,choice_label_shuffle,,True,True,False,False,False,True,3,0.5,50.0,65.0,58.0,-0.3709589019914302,0.5789473684210527,38.0,24.0
Richards_2017-11-01,,0,True,False,0.09409039779344175,1.2041586178746828,-0.2446226168089789,1.2041586178746824,0.19056794709283353,0.04582913972922131,0.3106660933281352,0.011535543012826582,-0.2446226168089789,choice_label_shuffle,,True,False,True,True,True,True,5,0.8333333333333334,83.33333333333334,37.0,33.0,-0.2797980223539074,0.47058823529411764,68.0,66.0
Richards_2017-11-01,,1,True,False,1.0671560300188485,1.8307460848596842,1.299734855776557,1.8307460848596844,-0.44184026886102523,0.1875850161781119,0.05111712384178024,-0.027464334113349254,-0.44184026886102523,choice_label_shuffle,,True,True,False,True,True,False,4,0.6666666666666666,66.66666666666666,47.0,44.0,-0.19099187692552677,0.4117647058823529,68.0,66.0
Richards_2017-11-01,,2,True,False,1.3719073760436895,1.659489659320305,1.295184770172846,1.6594896593203055,0.22768116169844776,-0.1232576937699873,0.022282915688107474,0.2783121075559192,-0.1232576937699873,choice_label_shuffle,,True,True,True,False,True,True,5,0.8333333333333334,83.33333333333334,38.0,37.0,-0.11446369559914502,0.5,68.0,66.0
Richards_2017-11-01,,3,True,False,1.8508433489667704,2.035717832003462,1.790877684364583,2.035717832003463,0.18434458784190966,-0.6174332085480942,0.10071013520006367,-0.29602550788812787,-0.6174332085480942,choice_label_shuffle,,True,True,True,False,True,False,4,0.6666666666666666,66.66666666666666,40.0,38.0,-0.17137019455268337,0.4117647058823529,68.0,66.0
Richards_2017-11-01,,4,True,False,1.3604378955648309,1.6565610322681816,0.4602360066566471,1.6565610322681816,0.507447952126576,0.09173405252766315,-0.3526207561363397,-0.1361822086975732,-0.3526207561363397,choice_label_shuffle,,True,True,True,True,False,False,4,0.6666666666666666,66.66666666666666,30.0,30.0,-0.1985659410739341,0.35294117647058826,68.0,66.0
Richards_2017-11-01,,5,True,False,0.5002138714046974,1.8624290000224575,1.3968131027892283,1.8624290000224573,-0.12800381560467144,0.2583924667825119,-0.3147877431610575,-0.5057969652376838,-0.5057969652376838,choice_label_shuffle,,True,True,False,True,False,False,3,0.5,50.0,45.0,43.0,-0.10545985448964021,0.4117647058823529,68.0,66.0
Richards_2017-11-01,,6,True,False,0.7191027667219969,1.7742160001864196,1.382321512536566,1.7742160001864196,-0.3201183579070821,-0.19706511033592355,-0.10269866716624021,-0.015245633370414957,-0.3201183579070821,choice_label_shuffle,,True,True,False,False,False,False,2,0.3333333333333333,33.33333333333333,32.0,32.0,-0.30041324431439426,0.47058823529411764,68.0,66.0
Richards_2017-11-01,,7,True,False,1.5943087254608521,1.813909462170294,0.8974820198928479,1.813909462170294,-0.3550399697060336,0.4368017048147039,-0.28529946215587487,0.027716588386893698,-0.3550399697060336,choice_label_shuffle,,True,True,False,True,False,True,4,0.6666666666666666,66.66666666666666,38.0,38.0,-0.19968378493286057,0.5,68.0,66.0
Richards_2017-11-01,,8,True,False,0.4530432719293389,1.5795870521320488,0.7519760499305069,1.5795870521320463,-0.40204206434329837,-0.10231318546551565,-0.2074158435979767,0.4243866759264996,-0.40204206434329837,choice_label_shuffle,,True,True,False,False,False,True,3,0.5,50.0,43.0,41.0,-0.07834445930467726,0.5882352941176471,68.0,66.0
Richards_2017-11-01,,9,True,False,1.4723513710399248,2.0761667650841438,1.1375369303590208,2.076166765084144,0.569984884327355,0.521311156951249,0.15994654772812122,-0.3453904662098741,-0.3453904662098741,choice_label_shuffle,,True,True,True,True,True,False,5,0.8333333333333334,83.33333333333334,36.0,34.0,-0.028803099787818493,0.5,68.0,66.0
Richards_2017-11-01,,10,True,False,1.335273309569394,1.6552850322907229,1.4570244829173802,1.6552850322907229,0.5207539502952973,-0.1533369209468572,-0.14016483977920657,0.6719866111616358,-0.1533369209468572,choice_label_shuffle,,True,True,True,False,False,True,4,0.6666666666666666,66.66666666666666,43.0,40.0,-0.2717204686483031,0.5,68.0,66.0
Richards_2017-11-01,,11,True,False,0.15493148739941187,1.4300578909918222,1.3414353223318594,1.4300578909918216,0.24041476159026787,0.20291136151654626,-0.09044637559390334,0.4014188133457914,-0.09044637559390334,choice_label_shuffle,,True,True,True,True,False,True,5,0.8333333333333334,83.33333333333334,42.0,42.0,-0.08376136768368295,0.4411764705882353,68.0,66.0
Richards_2017-11-01,,12,True,True,0.5360299640204729,1.488549405061507,1.0518811401531138,1.4885494050615071,0.2961775996462085,0.4914656577092864,0.4456931238045937,0.6017065838738715,0.2961775996462085,choice_label_shuffle,,True,True,True,True,True,True,6,1.0,100.0,42.0,40.0,-0.1545317353221674,0.5294117647058824,68.0,66.0
Richards_2017-11-01,,13,True,False,,,,,,,,,,choice_label_shuffle,,False,False,False,False,False,False,0,0.0,0.0,44.0,44.0,-0.06024662883923279,0.5588235294117647,68.0,66.0
Richards_2017-11-01,,14,True,False,1.0754466631906356,1.2208971162156919,0.43378576478195097,1.2208971162156927,-0.8423885063639848,0.5148237722510064,0.16277622182954654,-0.6277561812750492,-0.8423885063639848,choice_label_shuffle,,True,True,False,True,True,False,4,0.6666666666666666,66.66666666666666,36.0,36.0,-0.10065919562462877,0.5588235294117647,68.0,66.0
Richards_2017-11-01,,15,True,True,1.4946633531942997,1.659213821027997,1.0663441156346267,1.6592138210279959,0.43304568936206167,0.2973753906332746,0.29223474259255355,0.7334822364524888,0.29223474259255355,choice_label_shuffle,,True,True,True,True,True,True,6,1.0,100.0,39.0,35.0,-0.1362606151480921,0.4117647058823529,68.0,66.0
Richards_2017-11-01,,16,True,False,0.5589532466351497,1.8022294375454553,1.387016320018659,1.802229437545454,-0.13834749655279488,-0.49277703919504035,-0.26789641773681083,-0.16254910234083206,-0.49277703919504035,choice_label_shuffle,,True,True,False,False,False,False,2,0.3333333333333333,33.33333333333333,44.0,42.0,-0.11804875370627778,0.5,68.0,66.0
Richards_2017-11-01,,17,True,False,1.11108283166531,1.4452181843063547,0.9532359553275455,1.445218184306354,0.23930242507138577,-0.2287800827891639,-0.04545175304138749,0.26338393892444123,-0.2287800827891639,choice_label_shuffle,,True,True,True,False,False,True,4,0.6666666666666666,66.66666666666666,44.0,43.0,-0.0484864520634684,0.5,68.0,66.0
Richards_2017-11-01,,18,True,False,0.6030969061008193,1.7795734683598228,0.924298337623374,1.7795734683598232,-0.7432408857701579,-0.014528683251497643,0.2862044024986392,-0.381288625339092,-0.7432408857701579,choice_label_shuffle,,True,True,False,False,True,False,3,0.5,50.0,42.0,40.0,-0.42673166280569313,0.5,68.0,66.0
Richards_2017-11-01,,19,True,False,0.6064324913038175,1.3831298238010514,0.8278830309078716,1.38312982380105,-0.03196634611966265,0.19439045781061487,-0.020412188673024856,0.2632693942588644,-0.03196634611966265,choice_label_shuffle,,True,True,False,True,False,True,4,0.6666666666666666,66.66666666666666,41.0,41.0,-0.25305844600865135,0.5588235294117647,68.0,66.0
Richards_2017-11-01,,20,True,False,1.6790706044817207,1.8641316415932858,1.2473597163455468,1.8641316415932856,0.11565058398466288,0.07206060113469356,0.31076655422934363,-0.706709603655956,-0.706709603655956,choice_label_shuffle,,True,True,True,True,True,False,5,0.8333333333333334,83.33333333333334,45.0,45.0,-0.08214924809147382,0.47058823529411764,68.0,66.0
Richards_2017-11-01,,21,True,False,0.8514826100608841,1.8609559478054443,1.1458155788604163,1.8609559478054445,-0.7135861394105051,-0.173521669956074,-0.11193851523073861,-0.142491102926002,-0.7135861394105051,choice_label_shuffle,,True,True,False,False,False,False,2,0.3333333333333333,33.33333333333333,44.0,44.0,-0.18982217569345353,0.38235294117647056,68.0,66.0
Richards_2017-11-01,,22,True,False,1.2782606768327802,1.719237169484721,0.9922770568398833,1.719237169484721,-0.02801499163364496,0.5380175978610503,0.16163202392847809,-0.07677660433346085,-0.07677660433346085,choice_label_shuffle,,True,True,False,True,True,False,4,0.6666666666666666,66.66666666666666,42.0,41.0,-0.30523346188575146,0.5294117647058824,68.0,66.0
Richards_2017-11-01,,23,True,False,1.2421420143919522,1.6919695675320476,0.46951992708332013,1.6919695675320485,-0.08902148630819628,0.33020030245929327,-0.1257488776240827,-0.5379995469110106,-0.5379995469110106,choice_label_shuffle,,True,True,False,True,False,False,3,0.5,50.0,44.0,43.0,-0.19535841148648472,0.5,68.0,66.0
Richards_2017-11-01,,24,True,False,0.6689752638305072,1.5982079703458265,1.021123408974625,1.5982079703458272,0.06182966279485336,-0.298177185441249,-0.3572404987519514,0.11870736062916976,-0.3572404987519514,choice_label_shuffle,,True,True,True,False,False,True,4,0.6666666666666666,66.66666666666666,43.0,42.0,-0.1890765769524499,0.5,68.0,66.0
Richards_2017-11-01,,25,True,False,-0.16523098713377643,1.1291024019653166,0.4165795278046519,1.1291024019653186,0.24132610252458042,0.5108486797570702,-0.11371022633270256,0.3161124209176156,-0.16523098713377643,choice_label_shuffle,,False,True,True,True,False,True,4,0.6666666666666666,66.66666666666666,42.0,38.0,-0.06870769584745819,0.47058823529411764,68.0,66.0
Richards_2017-11-01,,26,True,False,0.025846320463933425,1.144183709344354,0.3114276824219497,1.1441837093443539,1.2458343319426344,0.19628532707976676,-0.22648812790700967,-0.15658073833675618,-0.22648812790700967,choice_label_shuffle,,True,True,True,True,False,False,4,0.6666666666666666,66.66666666666666,40.0,38.0,-0.048119376330818725,0.5294117647058824,68.0,66.0
Richards_2017-11-01,,27,True,False,1.728754980996062,2.0802709225466054,1.5794868439585397,2.0802709225466054,-0.6366368862048577,-0.5017911634030489,-0.02299850378067081,-0.10718925987096722,-0.6366368862048577,choice_label_shuffle,,True,True,False,False,False,False,2,0.3333333333333333,33.33333333333333,41.0,38.0,-0.286971557010674,0.47058823529411764,68.0,66.0
Richards_2017-11-01,,28,True,False,0.576827303864661,1.493192069617385,1.0712506665965282,1.4931920696173844,0.19244148446523157,-0.6009314271403954,0.031648385981948524,0.3828639464404786,-0.6009314271403954,choice_label_shuffle,,True,True,True,False,True,True,5,0.8333333333333334,83.33333333333334,42.0,42.0,-0.06860118447298276,0.5294117647058824,68.0,66.0
Richards_2017-11-01,,29,True,False,1.306083183013311,1.6293094061165803,0.9126081854978185,1.6293094061165796,0.3701035070235146,-0.07389440521493618,0.05776303092497215,0.2668568933118069,-0.07389440521493618,choice_label_shuffle,,True,True,True,False,True,True,5,0.8333333333333334,83.33333333333334,43.0,42.0,-0.1420711569794128,0.4117647058823529,68.0,66.0
Richards_2017-11-01,,30,True,False,1.1263589728456749,1.9284243031849295,0.9810345140565422,1.92842430318493,-0.15239625360217068,-0.1580048368085309,0.2538197284840129,0.8481370980996215,-0.1580048368085309,choice_label_shuffle,,True,True,False,False,True,True,4,0.6666666666666666,66.66666666666666,42.0,40.0,-0.12054185097869256,0.5,68.0,66.0
Richards_2017-11-01,,31,True,False,0.7956542567467497,1.2813688714086415,1.03720713812813,1.2813688714086424,0.0009677476832792298,-0.6007446535535101,-0.47791600132940815,-0.2051389763357216,-0.6007446535535101,choice_label_shuffle,,True,True,True,False,False,False,3,0.5,50.0,43.0,41.0,-0.1641358476768506,0.5588235294117647,68.0,66.0
Richards_2017-11-01,,32,True,False,1.2008844454488714,1.4361645375151344,0.3182568894065635,1.4361645375151346,0.02634209176625424,-0.06383707725214227,0.4950929880874676,0.17798220951404448,-0.06383707725214227,choice_label_shuffle,,True,True,True,False,True,True,5,0.8333333333333334,83.33333333333334,42.0,40.0,-0.19904780732989136,0.6176470588235294,68.0,66.0
Richards_2017-11-01,,33,True,False,1.1333678788018655,1.5675230123342383,0.6724074268274095,1.5675230123342399,-0.4925601628829386,-0.09752543289285934,0.1788076630963369,-0.1378375940626126,-0.4925601628829386,choice_label_shuffle,,True,True,False,False,True,False,3,0.5,50.0,37.0,37.0,-0.09831703571167708,0.47058823529411764,68.0,66.0
Richards_2017-11-01,,34,True,False,1.2450342122098432,1.5912073566783878,0.8305164068418426,1.5912073566783889,0.38781827219984344,0.2268198403762568,-0.2118725629735474,-0.16042799323513623,-0.2118725629735474,choice_label_shuffle,,True,True,True,True,False,False,4,0.6666666666666666,66.66666666666666,36.0,36.0,-0.15476327974096588,0.4117647058823529,68.0,66.0
Richards_2017-11-01,,35,True,False,-0.16488503904294505,1.392975744918927,1.2843201444628611,1.3929757449189273,0.19255596782951057,-0.23225078543412478,0.024054739159760197,-0.0730828251939305,-0.23225078543412478,choice_label_shuffle,,False,True,True,False,True,False,3,0.5,50.0,37.0,35.0,0.0510476568442043,0.4117647058823529,68.0,66.0
Richards_2017-11-01,,36,True,False,0.9647643001884127,1.6489416740163432,0.7124379554604345,1.6489416740163432,0.24797641750239774,-0.1699556698614676,0.2888656353839443,-0.4030222473532067,-0.4030222473532067,choice_label_shuffle,,True,True,True,False,True,False,4,0.6666666666666666,66.66666666666666,38.0,36.0,-0.3542484756162756,0.6176470588235294,68.0,66.0
Richards_2017-11-01,,37,True,False,0.5234540963183774,1.149729844131562,-0.18079714941871927,1.1497298441315622,-0.43307409223016624,-0.47663745678208885,0.22357787401286688,0.3517669443824952,-0.47663745678208885,choice_label_shuffle,,True,False,False,False,True,True,3,0.5,50.0,42.0,42.0,-0.04855116787110514,0.5588235294117647,68.0,66.0
Richards_2017-11-01,,38,True,False,1.5744072100205988,1.8603948791386278,1.4875819133364945,1.8603948791386278,-0.15900985355494912,-0.01090873320751548,0.012235975656286868,0.39001130444214344,-0.15900985355494912,choice_label_shuffle,,True,True,False,False,True,True,4,0.6666666666666666,66.66666666666666,42.0,42.0,-0.25377262222269326,0.5,68.0,66.0
Richards_2017-11-01,,39,True,False,0.37612026472125504,1.4588897580230948,1.0695925708979472,1.4588897580230957,-0.046813634385704406,-0.06715001093941317,0.004661686053357261,0.3299152650241597,-0.06715001093941317,choice_label_shuffle,,True,True,False,False,True,True,4,0.6666666666666666,66.66666666666666,41.0,39.0,-0.3218140522570201,0.5588235294117647,68.0,66.0
Richards_2017-11-01,,40,True,False,0.9120801117855781,1.6361840211606455,1.2548173599213963,1.6361840211606455,0.3675105434734556,0.023087166316279384,0.08918983723569585,-0.38510891037039635,-0.38510891037039635,choice_label_shuffle,,True,True,True,True,True,False,5,0.8333333333333334,83.33333333333334,40.0,39.0,-0.12866266387653089,0.5,68.0,66.0
Richards_2017-11-01,,41,True,False,1.0956081534042506,1.9675449879707039,1.2481545278726633,1.9675449879707039,-0.10189294190573173,0.149057542623293,0.45248953294842464,-0.03526424589070143,-0.10189294190573173,choice_label_shuffle,,True,True,False,True,True,False,4,0.6666666666666666,66.66666666666666,43.0,41.0,-0.16283655014985998,0.5294117647058824,68.0,66.0
Richards_2017-11-01,,42,True,True,1.0117098076591273,1.3550463788741236,0.9090847963256767,1.3550463788741232,0.35525011619290225,0.5400199183070044,0.06875439890832036,0.6491359609655569,0.06875439890832036,choice_label_shuffle,,True,True,True,True,True,True,6,1.0,100.0,36.0,31.0,-0.24104991549053084,0.5588235294117647,68.0,66.0
Richards_2017-11-01,,43,True,False,1.4574717101507149,2.235221375100263,1.6113783120688585,2.2352213751002625,0.37395517814730495,0.2725811982329482,0.13180078148716134,-0.41802864481567525,-0.41802864481567525,choice_label_shuffle,,True,True,True,True,True,False,5,0.8333333333333334,83.33333333333334,42.0,38.0,-0.06706791529256759,0.5588235294117647,68.0,66.0
Richards_2017-11-01,,44,True,False,1.749723732151744,1.8108113520039348,1.3777792372311908,1.8108113520039355,0.3463880006577398,-0.39260182348175854,0.14043494600846662,0.4588918933469909,-0.39260182348175854,choice_label_shuffle,,True,True,True,False,True,True,5,0.8333333333333334,83.33333333333334,35.0,29.0,-0.20448413695860418,0.7058823529411765,68.0,66.0
Richards_2017-11-01,,45,True,False,,,,,,,,,,choice_label_shuffle,,False,False,False,False,False,False,0,0.0,0.0,37.0,37.0,-0.11553648932172916,0.5294117647058824,68.0,66.0
Richards_2017-11-01,,46,True,False,,,,,,,,,,choice_label_shuffle,,False,False,False,False,False,False,0,0.0,0.0,37.0,36.0,-0.30496784231999946,0.5588235294117647,68.0,66.0
Richards_2017-11-01,,47,True,False,0.958305240874001,1.322404630710552,0.5912893990265888,1.3224046307105521,0.041536997154530075,0.464574224862079,0.17607049499700533,-0.6759835298523545,-0.6759835298523545,choice_label_shuffle,,True,True,True,True,True,False,5,0.8333333333333334,83.33333333333334,38.0,37.0,-0.2893009254631909,0.5882352941176471,68.0,66.0
Richards_2017-11-01,,48,True,False,1.721151765399863,1.9085001314891479,1.3259349671739455,1.908500131489147,-0.7197177423087509,-0.07590477714179822,0.15075896931585464,-0.4907362459242176,-0.7197177423087509,choice_label_shuffle,,True,True,False,False,True,False,3,0.5,50.0,43.0,43.0,-0.11150406969232486,0.35294117647058826,68.0,66.0
Richards_2017-11-01,,49,True,False,0.9506147693888498,1.8219195786813245,1.3097640701209403,1.8219195786813238,-0.05091804119356813,-0.3317143267291097,-0.3183471318393106,0.4526643040957456,-0.3317143267291097,choice_label_shuffle,,True,True,False,False,False,True,3,0.5,50.0,43.0,43.0,-0.15287064279799487,0.5588235294117647,68.0,66.0
Hench_2017-06-18,,0,True,True,0.8613932573142695,2.087993820645201,1.757144312662734,2.087993820645201,0.5478544214519323,0.09020876715897083,0.3458309837579594,0.5200603185977728,0.09020876715897083,speed_label_shuffle,,True,True,True,True,True,True,6,1.0,100.0,53.0,50.0,-0.044466514676050284,0.5205479452054794,146.0,146.0
Hench_2017-06-18,,1,True,False,0.8613932573142695,2.087993820645201,1.757144312662734,2.087993820645201,0.5478544214519323,-0.09020876715897083,-0.3458309837579594,0.5200603185977728,-0.3458309837579594,speed_label_shuffle,,True,True,True,False,False,True,4,0.6666666666666666,66.66666666666666,53.0,50.0,-0.06442932195122905,0.4520547945205479,146.0,146.0
Hench_2017-06-18,,2,True,True,0.8613932573142695,2.087993820645201,1.757144312662734,2.087993820645201,0.5478544214519323,0.09020876715897083,0.3458309837579594,0.5200603185977728,0.09020876715897083,speed_label_shuffle,,True,True,True,True,True,True,6,1.0,100.0,53.0,50.0,-0.034427025893850244,0.547945205479452,146.0,146.0
Hench_2017-06-18,,3,True,False,0.8613932573142695,2.087993820645201,1.757144312662734,2.087993820645201,-0.5478544214519323,0.09020876715897083,0.3458309837579594,-0.5200603185977728,-0.5478544214519323,speed_label_shuffle,,True,True,False,True,True,False,4,0.6666666666666666,66.66666666666666,53.0,50.0,-0.07477062863955,0.4520547945205479,146.0,146.0
Hench_2017-06-18,,4,True,False,0.8613932573142695,2.087993820645201,1.757144312662734,2.087993820645201,0.5478544214519323,-0.09020876715897083,-0.3458309837579594,0.5200603185977728,-0.3458309837579594,speed_label_shuffle,,True,True,True,False,False,True,4,0.6666666666666666,66.66666666666666,53.0,50.0,-0.13434533592728173,0.5068493150684932,146.0,146.0
Hench_2017-06-18,,5,True,False,0.8613932573142695,2.087993820645201,1.757144312662734,2.087993820645201,0.5478544214519323,-0.09020876715897083,-0.3458309837579594,0.5200603185977728,-0.3458309837579594,speed_label_shuffle,,True,True,True,False,False,True,4,0.6666666666666666,66.66666666666666,53.0,50.0,-0.2289748786529327,0.547945205479452,146.0,146.0
Hench_2017-06-18,,6,True,False,0.8613932573142695,2.087993820645201,1.757144312662734,2.087993820645201,0.5478544214519323,-0.09020876715897083,-0.3458309837579594,0.5200603185977728,-0.3458309837579594,speed_label_shuffle,,True,True,True,False,False,True,4,0.6666666666666666,66.66666666666666,53.0,50.0,-0.1731029556464988,0.5205479452054794,146.0,146.0
Hench_2017-06-18,,7,True,False,0.8613932573142695,2.087993820645201,1.757144312662734,2.087993820645201,-0.5478544214519323,-0.09020876715897083,-0.3458309837579594,-0.5200603185977728,-0.5478544214519323,speed_label_shuffle,,True,True,False,False,False,False,2,0.3333333333333333,33.33333333333333,53.0,50.0,-0.07632705344413976,0.6027397260273972,146.0,146.0
Hench_2017-06-18,,8,True,False,0.8613932573142695,2.087993820645201,1.757144312662734,2.087993820645201,0.5478544214519323,-0.09020876715897083,-0.3458309837579594,0.5200603185977728,-0.3458309837579594,speed_label_shuffle,,True,True,True,False,False,True,4,0.6666666666666666,66.66666666666666,53.0,50.0,-0.1580799715378545,0.410958904109589,146.0,146.0
Hench_2017-06-18,,9,True,False,0.8613932573142695,2.087993820645201,1.757144312662734,2.087993820645201,0.5478544214519323,-0.09020876715897083,-0.3458309837579594,0.5200603185977728,-0.3458309837579594,speed_label_shuffle,,True,True,True,False,False,True,4,0.6666666666666666,66.66666666666666,53.0,50.0,-0.08092927611278967,0.4931506849315068,146.0,146.0
Hench_2017-06-18,,10,True,True,0.8613932573142695,2.087993820645201,1.757144312662734,2.087993820645201,0.5478544214519323,0.09020876715897083,0.3458309837579594,0.5200603185977728,0.09020876715897083,speed_label_shuffle,,True,True,True,True,True,True,6,1.0,100.0,53.0,50.0,-0.024923476406872647,0.4931506849315068,146.0,146.0
Hench_2017-06-18,,11,True,False,0.8613932573142695,2.087993820645201,1.757144312662734,2.087993820645201,-0.5478544214519323,0.09020876715897083,0.3458309837579594,-0.5200603185977728,-0.5478544214519323,speed_label_shuffle,,True,True,False,True,True,False,4,0.6666666666666666,66.66666666666666,53.0,50.0,-0.1965061228704804,0.4794520547945205,146.0,146.0
Hench_2017-06-18,,12,True,True,0.8613932573142695,2.087993820645201,1.757144312662734,2.087993820645201,0.5478544214519323,0.09020876715897083,0.3458309837579594,0.5200603185977728,0.09020876715897083,speed_label_shuffle,,True,True,True,True,True,True,6,1.0,100.0,53.0,50.0,-0.0440505580000822,0.4383561643835616,146.0,146.0
Hench_2017-06-18,,13,True,False,0.8613932573142695,2.087993820645201,1.757144312662734,2.087993820645201,0.5478544214519323,-0.09020876715897083,-0.3458309837579594,0.5200603185977728,-0.3458309837579594,speed_label_shuffle,,True,True,True,False,False,True,4,0.6666666666666666,66.66666666666666,53.0,50.0,0.019814571613527114,0.5068493150684932,146.0,146.0
Hench_2017-06-18,,14,True,True,0.8613932573142695,2.087993820645201,1.757144312662734,2.087993820645201,0.5478544214519323,0.09020876715897083,0.3458309837579594,0.5200603185977728,0.09020876715897083,speed_label_shuffle,,True,True,True,True,True,True,6,1.0,100.0,53.0,50.0,-0.08471447679994097,0.5068493150684932,146.0,146.0
Hench_2017-06-18,,15,True,False,0.8613932573142695,2.087993820645201,1.757144312662734,2.087993820645201,-0.5478544214519323,-0.09020876715897083,-0.3458309837579594,-0.5200603185977728,-0.5478544214519323,speed_label_shuffle,,True,True,False,False,False,False,2,0.3333333333333333,33.33333333333333,53.0,50.0,-0.06234388684954279,0.4794520547945205,146.0,146.0
Hench_2017-06-18,,16,True,False,0.8613932573142695,2.087993820645201,1.757144312662734,2.087993820645201,-0.5478544214519323,0.09020876715897083,0.3458309837579594,-0.5200603185977728,-0.5478544214519323,speed_label_shuffle,,True,True,False,True,True,False,4,0.6666666666666666,66.66666666666666,53.0,50.0,-0.07163618923258275,0.4383561643835616,146.0,146.0
Hench_2017-06-18,,17,True,False,0.8613932573142695,2.087993820645201,1.757144312662734,2.087993820645201,0.5478544214519323,-0.09020876715897083,-0.3458309837579594,0.5200603185977728,-0.3458309837579594,speed_label_shuffle,,True,True,True,False,False,True,4,0.6666666666666666,66.66666666666666,53.0,50.0,-0.14692109625951544,0.5342465753424658,146.0,146.0
Hench_2017-06-18,,18,True,False,0.8613932573142695,2.087993820645201,1.757144312662734,2.087993820645201,-0.5478544214519323,-0.09020876715897083,-0.3458309837579594,-0.5200603185977728,-0.5478544214519323,speed_label_shuffle,,True,True,False,False,False,False,2,0.3333333333333333,33.33333333333333,53.0,50.0,-0.08185587998537766,0.4520547945205479,146.0,146.0
Hench_2017-06-18,,19,True,False,0.8613932573142695,2.087993820645201,1.757144312662734,2.087993820645201,-0.5478544214519323,-0.09020876715897083,-0.3458309837579594,-0.5200603185977728,-0.5478544214519323,speed_label_shuffle,,True,True,False,False,False,False,2,0.3333333333333333,33.33333333333333,53.0,50.0,0.04012779292245995,0.4931506849315068,146.0,146.0
Hench_2017-06-18,,20,True,False,0.8613932573142695,2.087993820645201,1.757144312662734,2.087993820645201,-0.5478544214519323,-0.09020876715897083,-0.3458309837579594,-0.5200603185977728,-0.5478544214519323,speed_label_shuffle,,True,True,False,False,False,False,2,0.3333333333333333,33.33333333333333,53.0,50.0,-0.16376405255966775,0.5616438356164384,146.0,146.0
Hench_2017-06-18,,21,True,False,0.8613932573142695,2.087993820645201,1.757144312662734,2.087993820645201,0.5478544214519323,-0.09020876715897083,-0.3458309837579594,0.5200603185977728,-0.3458309837579594,speed_label_shuffle,,True,True,True,False,False,True,4,0.6666666666666666,66.66666666666666,53.0,50.0,-0.21380107468544599,0.4383561643835616,146.0,146.0
Hench_2017-06-18,,22,True,False,0.8613932573142695,2.087993820645201,1.757144312662734,2.087993820645201,-0.5478544214519323,0.09020876715897083,0.3458309837579594,-0.5200603185977728,-0.5478544214519323,speed_label_shuffle,,True,True,False,True,True,False,4,0.6666666666666666,66.66666666666666,53.0,50.0,-0.04265632380495185,0.4246575342465753,146.0,146.0
Hench_2017-06-18,,23,True,True,0.8613932573142695,2.087993820645201,1.757144312662734,2.087993820645201,0.5478544214519323,0.09020876715897083,0.3458309837579594,0.5200603185977728,0.09020876715897083,speed_label_shuffle,,True,True,True,True,True,True,6,1.0,100.0,53.0,50.0,-0.0807842207178907,0.4931506849315068,146.0,146.0
Hench_2017-06-18,,24,True,False,0.8613932573142695,2.087993820645201,1.757144312662734,2.087993820645201,0.5478544214519323,-0.09020876715897083,-0.3458309837579594,0.5200603185977728,-0.3458309837579594,speed_label_shuffle,,True,True,True,False,False,True,4,0.6666666666666666,66.66666666666666,53.0,50.0,-0.015779659861671992,0.547945205479452,146.0,146.0
Hench_2017-06-18,,25,True,False,0.8613932573142695,2.087993820645201,1.757144312662734,2.087993820645201,0.5478544214519323,-0.09020876715897083,-0.3458309837579594,0.5200603185977728,-0.3458309837579594,speed_label_shuffle,,True,True,True,False,False,True,4,0.6666666666666666,66.66666666666666,53.0,50.0,-0.1091888646250396,0.4794520547945205,146.0,146.0
Hench_2017-06-18,,26,True,False,0.8613932573142695,2.087993820645201,1.757144312662734,2.087993820645201,-0.5478544214519323,-0.09020876715897083,-0.3458309837579594,-0.5200603185977728,-0.5478544214519323,speed_label_shuffle,,True,True,False,False,False,False,2,0.3333333333333333,33.33333333333333,53.0,50.0,-0.04613381646382567,0.5068493150684932,146.0,146.0
Hench_2017-06-18,,27,True,False,0.8613932573142695,2.087993820645201,1.757144312662734,2.087993820645201,0.5478544214519323,-0.09020876715897083,-0.3458309837579594,0.5200603185977728,-0.3458309837579594,speed_label_shuffle,,True,True,True,False,False,True,4,0.6666666666666666,66.66666666666666,53.0,50.0,-0.10084875977985763,0.5205479452054794,146.0,146.0
Hench_2017-06-18,,28,True,False,0.8613932573142695,2.087993820645201,1.757144312662734,2.087993820645201,-0.5478544214519323,0.09020876715897083,0.3458309837579594,-0.5200603185977728,-0.5478544214519323,speed_label_shuffle,,True,True,False,True,True,False,4,0.6666666666666666,66.66666666666666,53.0,50.0,-0.005148025242682791,0.589041095890411,146.0,146.0
Hench_2017-06-18,,29,True,False,0.8613932573142695,2.087993820645201,1.757144312662734,2.087993820645201,0.5478544214519323,-0.09020876715897083,-0.3458309837579594,0.5200603185977728,-0.3458309837579594,speed_label_shuffle,,True,True,True,False,False,True,4,0.6666666666666666,66.66666666666666,53.0,50.0,-0.16222709115054637,0.5068493150684932,146.0,146.0
Hench_2017-06-18,,30,True,False,0.8613932573142695,2.087993820645201,1.757144312662734,2.087993820645201,0.5478544214519323,-0.09020876715897083,-0.3458309837579594,0.5200603185977728,-0.3458309837579594,speed_label_shuffle,,True,True,True,False,False,True,4,0.6666666666666666,66.66666666666666,53.0,50.0,-0.1649872641083302,0.6027397260273972,146.0,146.0
Hench_2017-06-18,,31,True,False,0.8613932573142695,2.087993820645201,1.757144312662734,2.087993820645201,-0.5478544214519323,-0.09020876715897083,-0.3458309837579594,-0.5200603185977728,-0.5478544214519323,speed_label_shuffle,,True,True,False,False,False,False,2,0.3333333333333333,33.33333333333333,53.0,50.0,-0.1623729807689952,0.547945205479452,146.0,146.0
Hench_2017-06-18,,32,True,True,0.8613932573142695,2.087993820645201,1.757144312662734,2.087993820645201,0.5478544214519323,0.09020876715897083,0.3458309837579594,0.5200603185977728,0.09020876715897083,speed_label_shuffle,,True,True,True,True,True,True,6,1.0,100.0,53.0,50.0,-0.008144820570592931,0.547945205479452,146.0,146.0
Hench_2017-06-18,,33,True,False,0.8613932573142695,2.087993820645201,1.757144312662734,2.087993820645201,-0.5478544214519323,0.09020876715897083,0.3458309837579594,-0.5200603185977728,-0.5478544214519323,speed_label_shuffle,,True,True,False,True,True,False,4,0.6666666666666666,66.66666666666666,53.0,50.0,-0.1459592871009371,0.5068493150684932,146.0,146.0
Hench_2017-06-18,,34,True,False,0.8613932573142695,2.087993820645201,1.757144312662734,2.087993820645201,-0.5478544214519323,-0.09020876715897083,-0.3458309837579594,-0.5200603185977728,-0.5478544214519323,speed_label_shuffle,,True,True,False,False,False,False,2,0.3333333333333333,33.33333333333333,53.0,50.0,-0.1426931387782573,0.4931506849315068,146.0,146.0
Hench_2017-06-18,,35,True,False,0.8613932573142695,2.087993820645201,1.757144312662734,2.087993820645201,-0.5478544214519323,0.09020876715897083,0.3458309837579594,-0.5200603185977728,-0.5478544214519323,speed_label_shuffle,,True,True,False,True,True,False,4,0.6666666666666666,66.66666666666666,53.0,50.0,-0.08392892358916418,0.5068493150684932,146.0,146.0
Hench_2017-06-18,,36,True,False,0.8613932573142695,2.087993820645201,1.757144312662734,2.087993820645201,-0.5478544214519323,-0.09020876715897083,-0.3458309837579594,-0.5200603185977728,-0.5478544214519323,speed_label_shuffle,,True,True,False,False,False,False,2,0.3333333333333333,33.33333333333333,53.0,50.0,-0.006459421688548565,0.5068493150684932,146.0,146.0
Hench_2017-06-18,,37,True,False,0.8613932573142695,2.087993820645201,1.757144312662734,2.087993820645201,-0.5478544214519323,-0.09020876715897083,-0.3458309837579594,-0.5200603185977728,-0.5478544214519323,speed_label_shuffle,,True,True,False,False,False,False,2,0.3333333333333333,33.33333333333333,53.0,50.0,-0.18767641799866142,0.5205479452054794,146.0,146.0
Hench_2017-06-18,,38,True,True,0.8613932573142695,2.087993820645201,1.757144312662734,2.087993820645201,0.5478544214519323,0.09020876715897083,0.3458309837579594,0.5200603185977728,0.09020876715897083,speed_label_shuffle,,True,True,True,True,True,True,6,1.0,100.0,53.0,50.0,-0.0953680896298562,0.4931506849315068,146.0,146.0
Hench_2017-06-18,,39,True,False,0.8613932573142695,2.087993820645201,1.757144312662734,2.087993820645201,-0.5478544214519323,-0.09020876715897083,-0.3458309837579594,-0.5200603185977728,-0.5478544214519323,speed_label_shuffle,,True,True,False,False,False,False,2,0.3333333333333333,33.33333333333333,53.0,50.0,-0.069640710649232,0.4931506849315068,146.0,146.0
Hench_2017-06-18,,40,True,False,0.8613932573142695,2.087993820645201,1.757144312662734,2.087993820645201,0.5478544214519323,-0.09020876715897083,-0.3458309837579594,0.5200603185977728,-0.3458309837579594,speed_label_shuffle,,True,True,True,False,False,True,4,0.6666666666666666,66.66666666666666,53.0,50.0,-0.09636555823269694,0.5068493150684932,146.0,146.0
Hench_2017-06-18,,41,True,False,0.8613932573142695,2.087993820645201,1.757144312662734,2.087993820645201,0.5478544214519323,-0.09020876715897083,-0.3458309837579594,0.5200603185977728,-0.3458309837579594,speed_label_shuffle,,True,True,True,False,False,True,4,0.6666666666666666,66.66666666666666,53.0,50.0,-0.1142466048641938,0.5342465753424658,146.0,146.0
Hench_2017-06-18,,42,True,False,0.8613932573142695,2.087993820645201,1.757144312662734,2.087993820645201,-0.5478544214519323,0.09020876715897083,0.3458309837579594,-0.5200603185977728,-0.5478544214519323,speed_label_shuffle,,True,True,False,True,True,False,4,0.6666666666666666,66.66666666666666,53.0,50.0,-0.14614219442414111,0.547945205479452,146.0,146.0
Hench_2017-06-18,,43,True,True,0.8613932573142695,2.087993820645201,1.757144312662734,2.087993820645201,0.5478544214519323,0.09020876715897083,0.3458309837579594,0.5200603185977728,0.09020876715897083,speed_label_shuffle,,True,True,True,True,True,True,6,1.0,100.0,53.0,50.0,-0.18649798976688936,0.6164383561643836,146.0,146.0
Hench_2017-06-18,,44,True,False,0.8613932573142695,2.087993820645201,1.757144312662734,2.087993820645201,-0.5478544214519323,0.09020876715897083,0.3458309837579594,-0.5200603185977728,-0.5478544214519323,speed_label_shuffle,,True,True,False,True,True,False,4,0.6666666666666666,66.66666666666666,53.0,50.0,-0.13731997473158603,0.589041095890411,146.0,146.0
Hench_2017-06-18,,45,True,False,0.8613932573142695,2.087993820645201,1.757144312662734,2.087993820645201,-0.5478544214519323,0.09020876715897083,0.3458309837579594,-0.5200603185977728,-0.5478544214519323,speed_label_shuffle,,True,True,False,True,True,False,4,0.6666666666666666,66.66666666666666,53.0,50.0,-0.14909803300968702,0.4794520547945205,146.0,146.0
Hench_2017-06-18,,46,True,False,0.8613932573142695,2.087993820645201,1.757144312662734,2.087993820645201,-0.5478544214519323,-0.09020876715897083,-0.3458309837579594,-0.5200603185977728,-0.5478544214519323,speed_label_shuffle,,True,True,False,False,False,False,2,0.3333333333333333,33.33333333333333,53.0,50.0,-0.10531614653933724,0.5342465753424658,146.0,146.0
Hench_2017-06-18,,47,True,True,0.8613932573142695,2.087993820645201,1.757144312662734,2.087993820645201,0.5478544214519323,0.09020876715897083,0.3458309837579594,0.5200603185977728,0.09020876715897083,speed_label_shuffle,,True,True,True,True,True,True,6,1.0,100.0,53.0,50.0,-0.0006096974979446779,0.4931506849315068,146.0,146.0
Hench_2017-06-18,,48,True,False,0.8613932573142695,2.087993820645201,1.757144312662734,2.087993820645201,-0.5478544214519323,-0.09020876715897083,-0.3458309837579594,-0.5200603185977728,-0.5478544214519323,speed_label_shuffle,,True,True,False,False,False,False,2,0.3333333333333333,33.33333333333333,53.0,50.0,-0.05509472092739281,0.4931506849315068,146.0,146.0
Hench_2017-06-18,,49,True,False,0.8613932573142695,2.087993820645201,1.757144312662734,2.087993820645201,-0.5478544214519323,-0.09020876715897083,-0.3458309837579594,-0.5200603185977728,-0.5478544214519323,speed_label_shuffle,,True,True,False,False,False,False,2,0.3333333333333333,33.33333333333333,53.0,50.0,-0.16885312522018572,0.4931506849315068,146.0,146.0
Lederberg_2017-12-11,,0,True,False,1.2075182245615568,1.9791534804688231,0.514971102556514,1.979153480468824,-0.08229436725369665,0.20865463956891267,0.17064846753647833,-0.3259451151141466,-0.3259451151141466,speed_label_shuffle,,True,True,False,True,True,False,4,0.6666666666666666,66.66666666666666,31.0,29.0,-0.14782975673509569,0.5675675675675675,148.0,148.0
Lederberg_2017-12-11,,1,True,True,1.2075182245615568,1.9791534804688231,0.514971102556514,1.979153480468824,0.08229436725369665,0.20865463956891267,0.17064846753647833,0.3259451151141466,0.08229436725369665,speed_label_shuffle,,True,True,True,True,True,True,6,1.0,100.0,31.0,29.0,-0.17277994662310772,0.47297297297297297,148.0,148.0
Lederberg_2017-12-11,,2,True,True,1.2075182245615568,1.9791534804688231,0.514971102556514,1.979153480468824,0.08229436725369665,0.20865463956891267,0.17064846753647833,0.3259451151141466,0.08229436725369665,speed_label_shuffle,,True,True,True,True,True,True,6,1.0,100.0,31.0,29.0,-0.03675381364913952,0.43243243243243246,148.0,148.0
Lederberg_2017-12-11,,3,True,False,1.2075182245615568,1.9791534804688231,0.514971102556514,1.979153480468824,-0.08229436725369665,0.20865463956891267,0.17064846753647833,-0.3259451151141466,-0.3259451151141466,speed_label_shuffle,,True,True,False,True,True,False,4,0.6666666666666666,66.66666666666666,31.0,29.0,-0.25023757371165767,0.5540540540540541,148.0,148.0
Lederberg_2017-12-11,,4,True,False,1.2075182245615568,1.9791534804688231,0.514971102556514,1.979153480468824,0.08229436725369665,-0.20865463956891267,-0.17064846753647833,0.3259451151141466,-0.20865463956891267,speed_label_shuffle,,True,True,True,False,False,True,4,0.6666666666666666,66.66666666666666,31.0,29.0,0.025742142830768047,0.44594594594594594,148.0,148.0
Lederberg_2017-12-11,,5,True,False,1.2075182245615568,1.9791534804688231,0.514971102556514,1.979153480468824,-0.08229436725369665,0.20865463956891267,0.17064846753647833,-0.3259451151141466,-0.3259451151141466,speed_label_shuffle,,True,True,False,True,True,False,4,0.6666666666666666,66.66666666666666,31.0,29.0,-0.06080514432476847,0.3918918918918919,148.0,148.0
Lederberg_2017-12-11,,6,True,True,1.2075182245615568,1.9791534804688231,0.514971102556514,1.979153480468824,0.08229436725369665,0.20865463956891267,0.17064846753647833,0.3259451151141466,0.08229436725369665,speed_label_shuffle,,True,True,True,True,True,True,6,1.0,100.0,31.0,29.0,-0.09566742207667522,0.47297297297297297,148.0,148.0
Lederberg_2017-12-11,,7,True,False,1.2075182245615568,1.9791534804688231,0.514971102556514,1.979153480468824,-0.08229436725369665,0.20865463956891267,0.17064846753647833,-0.3259451151141466,-0.3259451151141466,speed_label_shuffle,,True,True,False,True,True,False,4,0.6666666666666666,66.66666666666666,31.0,29.0,-0.24655270571451854,0.4864864864864865,148.0,148.0
Lederberg_2017-12-11,,8,True,True,1.2075182245615568,1.9791534804688231,0.514971102556514,1.979153480468824,0.08229436725369665,0.20865463956891267,0.17064846753647833,0.3259451151141466,0.08229436725369665,speed_label_shuffle,,True,True,True,True,True,True,6,1.0,100.0,31.0,29.0,-0.15295082008811728,0.4864864864864865,148.0,148.0
Lederberg_2017-12-11,,9,True,True,1.2075182245615568,1.9791534804688231,0.514971102556514,1.979153480468824,0.08229436725369665,0.20865463956891267,0.17064846753647833,0.3259451151141466,0.08229436725369665,speed_label_shuffle,,True,True,True,True,True,True,6,1.0,100.0,31.0,29.0,-0.15501119440866673,0.5405405405405406,148.0,148.0
Lederberg_2017-12-11,,10,True,False,1.2075182245615568,1.9791534804688231,0.514971102556514,1.979153480468824,0.08229436725369665,-0.20865463956891267,-0.17064846753647833,0.3259451151141466,-0.20865463956891267,speed_label_shuffle,,True,True,True,False,False,True,4,0.6666666666666666,66.66666666666666,31.0,29.0,-0.046112936789715814,0.44594594594594594,148.0,148.0
Lederberg_2017-12-11,,11,True,False,1.2075182245615568,1.9791534804688231,0.514971102556514,1.979153480468824,-0.08229436725369665,-0.20865463956891267,-0.17064846753647833,-0.3259451151141466,-0.3259451151141466,speed_label_shuffle,,True,True,False,False,False,False,2,0.3333333333333333,33.33333333333333,31.0,29.0,-0.17104540672432073,0.44594594594594594,148.0,148.0
Lederberg_2017-12-11,,12,True,False,1.2075182245615568,1.9791534804688231,0.514971102556514,1.979153480468824,-0.08229436725369665,-0.20865463956891267,-0.17064846753647833,-0.3259451151141466,-0.3259451151141466,speed_label_shuffle,,True,True,False,False,False,False,2,0.3333333333333333,33.33333333333333,31.0,29.0,-0.1782517043027022,0.4594594594594595,148.0,148.0
Lederberg_2017-12-11,,13,True,False,1.2075182245615568,1.9791534804688231,0.514971102556514,1.979153480468824,-0.08229436725369665,-0.20865463956891267,-0.17064846753647833,-0.3259451151141466,-0.3259451151141466,speed_label_shuffle,,True,True,False,False,False,False,2,0.3333333333333333,33.33333333333333,31.0,29.0,-0.10517951319701159,0.5,148.0,148.0
Lederberg_2017-12-11,,14,True,True,1.2075182245615568,1.9791534804688231,0.514971102556514,1.979153480468824,0.08229436725369665,0.20865463956891267,0.17064846753647833,0.3259451151141466,0.08229436725369665,speed_label_shuffle,,True,True,True,True,True,True,6,1.0,100.0,31.0,29.0,-0.15272917356926005,0.5540540540540541,148.0,148.0
Lederberg_2017-12-11,,15,True,True,1.2075182245615568,1.9791534804688231,0.514971102556514,1.979153480468824,0.08229436725369665,0.20865463956891267,0.17064846753647833,0.3259451151141466,0.08229436725369665,speed_label_shuffle,,True,True,True,True,True,True,6,1.0,100.0,31.0,29.0,-0.1907319211267071,0.5,148.0,148.0
Lederberg_2017-12-11,,16,True,True,1.2075182245615568,1.9791534804688231,0.514971102556514,1.979153480468824,0.08229436725369665,0.20865463956891267,0.17064846753647833,0.3259451151141466,0.08229436725369665,speed_label_shuffle,,True,True,True,True,True,True,6,1.0,100.0,31.0,29.0,-0.09298546768227878,0.5540540540540541,148.0,148.0
Lederberg_2017-12-11,,17,True,False,1.2075182245615568,1.9791534804688231,0.514971102556514,1.979153480468824,-0.08229436725369665,-0.20865463956891267,-0.17064846753647833,-0.3259451151141466,-0.3259451151141466,speed_label_shuffle,,True,True,False,False,False,False,2,0.3333333333333333,33.33333333333333,31.0,29.0,-0.07770837850937459,0.44594594594594594,148.0,148.0
Lederberg_2017-12-11,,18,True,False,1.2075182245615568,1.9791534804688231,0.514971102556514,1.979153480468824,-0.08229436725369665,-0.20865463956891267,-0.17064846753647833,-0.3259451151141466,-0.3259451151141466,speed_label_shuffle,,True,True,False,False,False,False,2,0.3333333333333333,33.33333333333333,31.0,29.0,-0.13625298528734936,0.47297297297297297,148.0,148.0
Lederberg_2017-12-11,,19,True,False,1.2075182245615568,1.9791534804688231,0.514971102556514,1.979153480468824,-0.08229436725369665,0.20865463956891267,0.17064846753647833,-0.3259451151141466,-0.3259451151141466,speed_label_shuffle,,True,True,False,True,True,False,4,0.6666666666666666,66.66666666666666,31.0,29.0,-0.13185108274175733,0.527027027027027,148.0,148.0
Lederberg_2017-12-11,,20,True,False,1.2075182245615568,1.9791534804688231,0.514971102556514,1.979153480468824,0.08229436725369665,-0.20865463956891267,-0.17064846753647833,0.3259451151141466,-0.20865463956891267,speed_label_shuffle,,True,True,True,False,False,True,4,0.6666666666666666,66.66666666666666,31.0,29.0,-0.06336844044706122,0.4864864864864865,148.0,148.0
Lederberg_2017-12-11,,21,True,True,1.2075182245615568,1.9791534804688231,0.514971102556514,1.979153480468824,0.08229436725369665,0.20865463956891267,0.17064846753647833,0.3259451151141466,0.08229436725369665,speed_label_shuffle,,True,True,True,True,True,True,6,1.0,100.0,31.0,29.0,-0.007548048594453342,0.43243243243243246,148.0,148.0
Lederberg_2017-12-11,,22,True,False,1.2075182245615568,1.9791534804688231,0.514971102556514,1.979153480468824,-0.08229436725369665,-0.20865463956891267,-0.17064846753647833,-0.3259451151141466,-0.3259451151141466,speed_label_shuffle,,True,True,False,False,False,False,2,0.3333333333333333,33.33333333333333,31.0,29.0,-0.11308956360819566,0.4864864864864865,148.0,148.0
Lederberg_2017-12-11,,23,True,False,1.2075182245615568,1.9791534804688231,0.514971102556514,1.979153480468824,0.08229436725369665,-0.20865463956891267,-0.17064846753647833,0.3259451151141466,-0.20865463956891267,speed_label_shuffle,,True,True,True,False,False,True,4,0.6666666666666666,66.66666666666666,31.0,29.0,-0.1277680746373425,0.5,148.0,148.0
Lederberg_2017-12-11,,24,True,False,1.2075182245615568,1.9791534804688231,0.514971102556514,1.979153480468824,-0.08229436725369665,-0.20865463956891267,-0.17064846753647833,-0.3259451151141466,-0.3259451151141466,speed_label_shuffle,,True,True,False,False,False,False,2,0.3333333333333333,33.33333333333333,31.0,29.0,-0.09430572030572043,0.581081081081081,148.0,148.0
Lederberg_2017-12-11,,25,True,True,1.2075182245615568,1.9791534804688231,0.514971102556514,1.979153480468824,0.08229436725369665,0.20865463956891267,0.17064846753647833,0.3259451151141466,0.08229436725369665,speed_label_shuffle,,True,True,True,True,True,True,6,1.0,100.0,31.0,29.0,-0.1179875580281741,0.527027027027027,148.0,148.0
Lederberg_2017-12-11,,26,True,True,1.2075182245615568,1.9791534804688231,0.514971102556514,1.979153480468824,0.08229436725369665,0.20865463956891267,0.17064846753647833,0.3259451151141466,0.08229436725369665,speed_label_shuffle,,True,True,True,True,True,True,6,1.0,100.0,31.0,29.0,-0.18586918574970876,0.5135135135135135,148.0,148.0
Lederberg_2017-12-11,,27,True,False,1.2075182245615568,1.9791534804688231,0.514971102556514,1.979153480468824,-0.08229436725369665,0.20865463956891267,0.17064846753647833,-0.3259451151141466,-0.3259451151141466,speed_label_shuffle,,True,True,False,True,True,False,4,0.6666666666666666,66.66666666666666,31.0,29.0,-0.14571910450240969,0.44594594594594594,148.0,148.0
Lederberg_2017-12-11,,28,True,False,1.2075182245615568,1.9791534804688231,0.514971102556514,1.979153480468824,-0.08229436725369665,0.20865463956891267,0.17064846753647833,-0.3259451151141466,-0.3259451151141466,speed_label_shuffle,,True,True,False,True,True,False,4,0.6666666666666666,66.66666666666666,31.0,29.0,-0.08277618832079117,0.4864864864864865,148.0,148.0
Lederberg_2017-12-11,,29,True,False,1.2075182245615568,1.9791534804688231,0.514971102556514,1.979153480468824,-0.08229436725369665,-0.20865463956891267,-0.17064846753647833,-0.3259451151141466,-0.3259451151141466,speed_label_shuffle,,True,True,False,False,False,False,2,0.3333333333333333,33.33333333333333,31.0,29.0,-0.0288719149631564,0.4864864864864865,148.0,148.0
Lederberg_2017-12-11,,30,True,True,1.2075182245615568,1.9791534804688231,0.514971102556514,1.979153480468824,0.08229436725369665,0.20865463956891267,0.17064846753647833,0.3259451151141466,0.08229436725369665,speed_label_shuffle,,True,True,True,True,True,True,6,1.0,100.0,31.0,29.0,-0.08106189072156128,0.527027027027027,148.0,148.0
Lederberg_2017-12-11,,31,True,False,1.2075182245615568,1.9791534804688231,0.514971102556514,1.979153480468824,0.08229436725369665,-0.20865463956891267,-0.17064846753647833,0.3259451151141466,-0.20865463956891267,speed_label_shuffle,,True,True,True,False,False,True,4,0.6666666666666666,66.66666666666666,31.0,29.0,-0.0009799302278155758,0.4594594594594595,148.0,148.0
Lederberg_2017-12-11,,32,True,False,1.2075182245615568,1.9791534804688231,0.514971102556514,1.979153480468824,0.08229436725369665,-0.20865463956891267,-0.17064846753647833,0.3259451151141466,-0.20865463956891267,speed_label_shuffle,,True,True,True,False,False,True,4,0.6666666666666666,66.66666666666666,31.0,29.0,-0.09650863337521362,0.40540540540540543,148.0,148.0
Lederberg_2017-12-11,,33,True,False,1.2075182245615568,1.9791534804688231,0.514971102556514,1.979153480468824,-0.08229436725369665,-0.20865463956891267,-0.17064846753647833,-0.3259451151141466,-0.3259451151141466,speed_label_shuffle,,True,True,False,False,False,False,2,0.3333333333333333,33.33333333333333,31.0,29.0,-0.08819227109260958,0.44594594594594594,148.0,148.0
Lederberg_2017-12-11,,34,True,False,1.2075182245615568,1.9791534804688231,0.514971102556514,1.979153480468824,0.08229436725369665,-0.20865463956891267,-0.17064846753647833,0.3259451151141466,-0.20865463956891267,speed_label_shuffle,,True,True,True,False,False,True,4,0.6666666666666666,66.66666666666666,31.0,29.0,-0.03852104151031005,0.581081081081081,148.0,148.0
Lederberg_2017-12-11,,35,True,False,1.2075182245615568,1.9791534804688231,0.514971102556514,1.979153480468824,-0.08229436725369665,0.20865463956891267,0.17064846753647833,-0.3259451151141466,-0.3259451151141466,speed_label_shuffle,,True,True,False,True,True,False,4,0.6666666666666666,66.66666666666666,31.0,29.0,-0.12795551366119814,0.5135135135135135,148.0,148.0
Lederberg_2017-12-11,,36,True,True,1.2075182245615568,1.9791534804688231,0.514971102556514,1.979153480468824,0.08229436725369665,0.20865463956891267,0.17064846753647833,0.3259451151141466,0.08229436725369665,speed_label_shuffle,,True,True,True,True,True,True,6,1.0,100.0,31.0,29.0,-0.12845607242012486,0.3918918918918919,148.0,148.0
Lederberg_2017-12-11,,37,True,False,1.2075182245615568,1.9791534804688231,0.514971102556514,1.979153480468824,-0.08229436725369665,-0.20865463956891267,-0.17064846753647833,-0.3259451151141466,-0.3259451151141466,speed_label_shuffle,,True,True,False,False,False,False,2,0.3333333333333333,33.33333333333333,31.0,29.0,0.019030081585583745,0.5135135135135135,148.0,148.0
Lederberg_2017-12-11,,38,True,False,1.2075182245615568,1.9791534804688231,0.514971102556514,1.979153480468824,-0.08229436725369665,-0.20865463956891267,-0.17064846753647833,-0.3259451151141466,-0.3259451151141466,speed_label_shuffle,,True,True,False,False,False,False,2,0.3333333333333333,33.33333333333333,31.0,29.0,-0.0686573845675938,0.47297297297297297,148.0,148.0
Lederberg_2017-12-11,,39,True,True,1.2075182245615568,1.9791534804688231,0.514971102556514,1.979153480468824,0.08229436725369665,0.20865463956891267,0.17064846753647833,0.3259451151141466,0.08229436725369665,speed_label_shuffle,,True,True,True,True,True,True,6,1.0,100.0,31.0,29.0,0.06143805271364258,0.47297297297297297,148.0,148.0
Lederberg_2017-12-11,,40,True,False,1.2075182245615568,1.9791534804688231,0.514971102556514,1.979153480468824,-0.08229436725369665,-0.20865463956891267,-0.17064846753647833,-0.3259451151141466,-0.3259451151141466,speed_label_shuffle,,True,True,False,False,False,False,2,0.3333333333333333,33.33333333333333,31.0,29.0,-0.14711785159182467,0.5,148.0,148.0
Lederberg_2017-12-11,,41,True,True,1.2075182245615568,1.9791534804688231,0.514971102556514,1.979153480468824,0.08229436725369665,0.20865463956891267,0.17064846753647833,0.3259451151141466,0.08229436725369665,speed_label_shuffle,,True,True,True,True,True,True,6,1.0,100.0,31.0,29.0,-0.16637306996303766,0.5675675675675675,148.0,148.0
Lederberg_2017-12-11,,42,True,False,1.2075182245615568,1.9791534804688231,0.514971102556514,1.979153480468824,-0.08229436725369665,-0.20865463956891267,-0.17064846753647833,-0.3259451151141466,-0.3259451151141466,speed_label_shuffle,,True,True,False,False,False,False,2,0.3333333333333333,33.33333333333333,31.0,29.0,-0.036350280607203606,0.5540540540540541,148.0,148.0
Lederberg_2017-12-11,,43,True,True,1.2075182245615568,1.9791534804688231,0.514971102556514,1.979153480468824,0.08229436725369665,0.20865463956891267,0.17064846753647833,0.3259451151141466,0.08229436725369665,speed_label_shuffle,,True,True,True,True,True,True,6,1.0,100.0,31.0,29.0,-0.2143844310222165,0.4864864864864865,148.0,148.0
Lederberg_2017-12-11,,44,True,False,1.2075182245615568,1.9791534804688231,0.514971102556514,1.979153480468824,-0.08229436725369665,-0.20865463956891267,-0.17064846753647833,-0.3259451151141466,-0.3259451151141466,speed_label_shuffle,,True,True,False,False,False,False,2,0.3333333333333333,33.33333333333333,31.0,29.0,-0.08582243024728821,0.5675675675675675,148.0,148.0
Lederberg_2017-12-11,,45,True,False,1.2075182245615568,1.9791534804688231,0.514971102556514,1.979153480468824,-0.08229436725369665,-0.20865463956891267,-0.17064846753647833,-0.3259451151141466,-0.3259451151141466,speed_label_shuffle,,True,True,False,False,False,False,2,0.3333333333333333,33.33333333333333,31.0,29.0,-0.11476757201441626,0.527027027027027,148.0,148.0
Lederberg_2017-12-11,,46,True,False,1.2075182245615568,1.9791534804688231,0.514971102556514,1.979153480468824,-0.08229436725369665,-0.20865463956891267,-0.17064846753647833,-0.3259451151141466,-0.3259451151141466,speed_label_shuffle,,True,True,False,False,False,False,2,0.3333333333333333,33.33333333333333,31.0,29.0,-0.10156236337875542,0.5675675675675675,148.0,148.0
Lederberg_2017-12-11,,47,True,False,1.2075182245615568,1.9791534804688231,0.514971102556514,1.979153480468824,-0.08229436725369665,0.20865463956891267,0.17064846753647833,-0.3259451151141466,-0.3259451151141466,speed_label_shuffle,,True,True,False,True,True,False,4,0.6666666666666666,66.66666666666666,31.0,29.0,-0.15758525077466265,0.4594594594594595,148.0,148.0
Lederberg_2017-12-11,,48,True,False,1.2075182245615568,1.9791534804688231,0.514971102556514,1.979153480468824,-0.08229436725369665,0.20865463956891267,0.17064846753647833,-0.3259451151141466,-0.3259451151141466,speed_label_shuffle,,True,True,False,True,True,False,4,0.6666666666666666,66.66666666666666,31.0,29.0,-0.016547476502024733,0.527027027027027,148.0,148.0
Lederberg_2017-12-11,,49,True,False,1.2075182245615568,1.9791534804688231,0.514971102556514,1.979153480468824,0.08229436725369665,-0.20865463956891267,-0.17064846753647833,0.3259451151141466,-0.20865463956891267,speed_label_shuffle,,True,True,True,False,False,True,4,0.6666666666666666,66.66666666666666,31.0,29.0,-0.04873193789814671,0.6081081081081081,148.0,148.0
Radnitz_2017-01-12,,0,True,False,1.7644444530232193,2.3713002048105705,2.0685058837740384,2.3713002048105705,0.20636372414115944,-0.21732765894171097,-0.07682492379184769,0.8552079450132771,-0.21732765894171097,speed_label_shuffle,,True,True,True,False,False,True,4,0.6666666666666666,66.66666666666666,50.0,50.0,-0.28532752238066766,0.5833333333333334,24.0,24.0
Radnitz_2017-01-12,,1,True,False,1.7644444530232193,2.3713002048105705,2.0685058837740384,2.3713002048105705,-0.20636372414115944,-0.21732765894171097,-0.07682492379184769,-0.8552079450132771,-0.8552079450132771,speed_label_shuffle,,True,True,False,False,False,False,2,0.3333333333333333,33.33333333333333,50.0,50.0,-0.40766472213358923,0.3333333333333333,24.0,24.0
Radnitz_2017-01-12,,2,True,True,1.7644444530232193,2.3713002048105705,2.0685058837740384,2.3713002048105705,0.20636372414115944,0.21732765894171097,0.07682492379184769,0.8552079450132771,0.07682492379184769,speed_label_shuffle,,True,True,True,True,True,True,6,1.0,100.0,50.0,50.0,-0.5706852947271952,0.6666666666666666,24.0,24.0
Radnitz_2017-01-12,,3,True,False,1.7644444530232193,2.3713002048105705,2.0685058837740384,2.3713002048105705,0.20636372414115944,-0.21732765894171097,-0.07682492379184769,0.8552079450132771,-0.21732765894171097,speed_label_shuffle,,True,True,True,False,False,True,4,0.6666666666666666,66.66666666666666,50.0,50.0,-0.5326865758279187,0.5833333333333334,24.0,24.0
Radnitz_2017-01-12,,4,True,False,1.7644444530232193,2.3713002048105705,2.0685058837740384,2.3713002048105705,0.20636372414115944,-0.21732765894171097,-0.07682492379184769,0.8552079450132771,-0.21732765894171097,speed_label_shuffle,,True,True,True,False,False,True,4,0.6666666666666666,66.66666666666666,50.0,50.0,-0.4689972764661282,0.4166666666666667,24.0,24.0
Radnitz_2017-01-12,,5,True,False,1.7644444530232193,2.3713002048105705,2.0685058837740384,2.3713002048105705,-0.20636372414115944,-0.21732765894171097,-0.07682492379184769,-0.8552079450132771,-0.8552079450132771,speed_label_shuffle,,True,True,False,False,False,False,2,0.3333333333333333,33.33333333333333,50.0,50.0,-0.12685811691004895,0.4166666666666667,24.0,24.0
Radnitz_2017-01-12,,6,True,False,1.7644444530232193,2.3713002048105705,2.0685058837740384,2.3713002048105705,-0.20636372414115944,0.21732765894171097,0.07682492379184769,-0.8552079450132771,-0.8552079450132771,speed_label_shuffle,,True,True,False,True,True,False,4,0.6666666666666666,66.66666666666666,50.0,50.0,-0.28750386054487215,0.5,24.0,24.0
Radnitz_2017-01-12,,7,True,False,1.7644444530232193,2.3713002048105705,2.0685058837740384,2.3713002048105705,-0.20636372414115944,0.21732765894171097,0.07682492379184769,-0.8552079450132771,-0.8552079450132771,speed_label_shuffle,,True,True,False,True,True,False,4,0.6666666666666666,66.66666666666666,50.0,50.0,-0.364778324120251,0.5833333333333334,24.0,24.0
Radnitz_2017-01-12,,8,True,False,1.7644444530232193,2.3713002048105705,2.0685058837740384,2.3713002048105705,0.20636372414115944,-0.21732765894171097,-0.07682492379184769,0.8552079450132771,-0.21732765894171097,speed_label_shuffle,,True,True,True,False,False,True,4,0.6666666666666666,66.66666666666666,50.0,50.0,-0.09886300414490462,0.5833333333333334,24.0,24.0
Radnitz_2017-01-12,,9,True,False,1.7644444530232193,2.3713002048105705,2.0685058837740384,2.3713002048105705,0.20636372414115944,-0.21732765894171097,-0.07682492379184769,0.8552079450132771,-0.21732765894171097,speed_label_shuffle,,True,True,True,False,False,True,4,0.6666666666666666,66.66666666666666,50.0,50.0,-0.29657169353617036,0.5833333333333334,24.0,24.0
Radnitz_2017-01-12,,10,True,True,1.7644444530232193,2.3713002048105705,2.0685058837740384,2.3713002048105705,0.20636372414115944,0.21732765894171097,0.07682492379184769,0.8552079450132771,0.07682492379184769,speed_label_shuffle,,True,True,True,True,True,True,6,1.0,100.0,50.0,50.0,-0.45863021811788546,0.5,24.0,24.0
Radnitz_2017-01-12,,11,True,False,1.7644444530232193,2.3713002048105705,2.0685058837740384,2.3713002048105705,0.20636372414115944,-0.21732765894171097,-0.07682492379184769,0.8552079450132771,-0.21732765894171097,speed_label_shuffle,,True,True,True,False,False,True,4,0.6666666666666666,66.66666666666666,50.0,50.0,-0.28499179207179903,0.5833333333333334,24.0,24.0
Radnitz_2017-01-12,,12,True,False,1.7644444530232193,2.3713002048105705,2.0685058837740384,2.3713002048105705,-0.20636372414115944,0.21732765894171097,0.07682492379184769,-0.8552079450132771,-0.8552079450132771,speed_label_shuffle,,True,True,False,True,True,False,4,0.6666666666666666,66.66666666666666,50.0,50.0,-0.32369460506357084,0.5833333333333334,24.0,24.0
Radnitz_2017-01-12,,13,True,False,1.7644444530232193,2.3713002048105705,2.0685058837740384,2.3713002048105705,-0.20636372414115944,-0.21732765894171097,-0.07682492379184769,-0.8552079450132771,-0.8552079450132771,speed_label_shuffle,,True,True,False,False,False,False,2,0.3333333333333333,33.33333333333333,50.0,50.0,-0.5022368704978952,0.6666666666666666,24.0,24.0
Radnitz_2017-01-12,,14,True,False,1.7644444530232193,2.3713002048105705,2.0685058837740384,2.3713002048105705,-0.20636372414115944,0.21732765894171097,0.07682492379184769,-0.8552079450132771,-0.8552079450132771,speed_label_shuffle,,True,True,False,True,True,False,4,0.6666666666666666,66.66666666666666,50.0,50.0,-0.33850111719065157,0.5,24.0,24.0
Radnitz_2017-01-12,,15,True,False,1.7644444530232193,2.3713002048105705,2.0685058837740384,2.3713002048105705,0.20636372414115944,-0.21732765894171097,-0.07682492379184769,0.8552079450132771,-0.21732765894171097,speed_label_shuffle,,True,True,True,False,False,True,4,0.6666666666666666,66.66666666666666,50.0,50.0,-0.09926995180535998,0.5,24.0,24.0
Radnitz_2017-01-12,,16,True,False,1.7644444530232193,2.3713002048105705,2.0685058837740384,2.3713002048105705,-0.20636372414115944,-0.21732765894171097,-0.07682492379184769,-0.8552079450132771,-0.8552079450132771,speed_label_shuffle,,True,True,False,False,False,False,2,0.3333333333333333,33.33333333333333,50.0,50.0,0.004043444630955004,0.6666666666666666,24.0,24.0
Radnitz_2017-01-12,,17,True,True,1.7644444530232193,2.3713002048105705,2.0685058837740384,2.3713002048105705,0.20636372414115944,0.21732765894171097,0.07682492379184769,0.8552079450132771,0.07682492379184769,speed_label_shuffle,,True,True,True,True,True,True,6,1.0,100.0,50.0,50.0,-0.2075212605345746,0.8333333333333334,24.0,24.0
Radnitz_2017-01-12,,18,True,False,1.7644444530232193,2.3713002048105705,2.0685058837740384,2.3713002048105705,0.20636372414115944,-0.21732765894171097,-0.07682492379184769,0.8552079450132771,-0.21732765894171097,speed_label_shuffle,,True,True,True,False,False,True,4,0.6666666666666666,66.66666666666666,50.0,50.0,-0.34784322404333573,0.5833333333333334,24.0,24.0
Radnitz_2017-01-12,,19,True,False,1.7644444530232193,2.3713002048105705,2.0685058837740384,2.3713002048105705,-0.20636372414115944,-0.21732765894171097,-0.07682492379184769,-0.8552079450132771,-0.8552079450132771,speed_label_shuffle,,True,True,False,False,False,False,2,0.3333333333333333,33.33333333333333,50.0,50.0,-0.4584811045178201,0.4166666666666667,24.0,24.0
Radnitz_2017-01-12,,20,True,False,1.7644444530232193,2.3713002048105705,2.0685058837740384,2.3713002048105705,0.20636372414115944,-0.21732765894171097,-0.07682492379184769,0.8552079450132771,-0.21732765894171097,speed_label_shuffle,,True,True,True,False,False,True,4,0.6666666666666666,66.66666666666666,50.0,50.0,-0.2000130275519466,0.75,24.0,24.0
Radnitz_2017-01-12,,21,True,True,1.7644444530232193,2.3713002048105705,2.0685058837740384,2.3713002048105705,0.20636372414115944,0.21732765894171097,0.07682492379184769,0.8552079450132771,0.07682492379184769,speed_label_shuffle,,True,True,True,True,True,True,6,1.0,100.0,50.0,50.0,-0.24401051322409628,0.6666666666666666,24.0,24.0
Radnitz_2017-01-12,,22,True,True,1.7644444530232193,2.3713002048105705,2.0685058837740384,2.3713002048105705,0.20636372414115944,0.21732765894171097,0.07682492379184769,0.8552079450132771,0.07682492379184769,speed_label_shuffle,,True,True,True,True,True,True,6,1.0,100.0,50.0,50.0,-0.6162780319916559,0.6666666666666666,24.0,24.0
Radnitz_2017-01-12,,23,True,False,1.7644444530232193,2.3713002048105705,2.0685058837740384,2.3713002048105705,-0.20636372414115944,0.21732765894171097,0.07682492379184769,-0.8552079450132771,-0.8552079450132771,speed_label_shuffle,,True,True,False,True,True,False,4,0.6666666666666666,66.66666666666666,50.0,50.0,-0.171892095086693,0.5833333333333334,24.0,24.0
Radnitz_2017-01-12,,24,True,False,1.7644444530232193,2.3713002048105705,2.0685058837740384,2.3713002048105705,-0.20636372414115944,0.21732765894171097,0.07682492379184769,-0.8552079450132771,-0.8552079450132771,speed_label_shuffle,,True,True,False,True,True,False,4,0.6666666666666666,66.66666666666666,50.0,50.0,-0.21255599440087697,0.4166666666666667,24.0,24.0
Radnitz_2017-01-12,,25,True,True,1.7644444530232193,2.3713002048105705,2.0685058837740384,2.3713002048105705,0.20636372414115944,0.21732765894171097,0.07682492379184769,0.8552079450132771,0.07682492379184769,speed_label_shuffle,,True,True,True,True,True,True,6,1.0,100.0,50.0,50.0,-0.49318489667337384,0.6666666666666666,24.0,24.0
Radnitz_2017-01-12,,26,True,False,1.7644444530232193,2.3713002048105705,2.0685058837740384,2.3713002048105705,-0.20636372414115944,-0.21732765894171097,-0.07682492379184769,-0.8552079450132771,-0.8552079450132771,speed_label_shuffle,,True,True,False,False,False,False,2,0.3333333333333333,33.33333333333333,50.0,50.0,-0.40969839098346916,0.5,24.0,24.0
Radnitz_2017-01-12,,27,True,True,1.7644444530232193,2.3713002048105705,2.0685058837740384,2.3713002048105705,0.20636372414115944,0.21732765894171097,0.07682492379184769,0.8552079450132771,0.07682492379184769,speed_label_shuffle,,True,True,True,True,True,True,6,1.0,100.0,50.0,50.0,-0.5939906279878668,0.5,24.0,24.0
Radnitz_2017-01-12,,28,True,True,1.7644444530232193,2.3713002048105705,2.0685058837740384,2.3713002048105705,0.20636372414115944,0.21732765894171097,0.07682492379184769,0.8552079450132771,0.07682492379184769,speed_label_shuffle,,True,True,True,True,True,True,6,1.0,100.0,50.0,50.0,-0.5734681910370181,0.6666666666666666,24.0,24.0
Radnitz_2017-01-12,,29,True,False,1.7644444530232193,2.3713002048105705,2.0685058837740384,2.3713002048105705,-0.20636372414115944,0.21732765894171097,0.07682492379184769,-0.8552079450132771,-0.8552079450132771,speed_label_shuffle,,True,True,False,True,True,False,4,0.6666666666666666,66.66666666666666,50.0,50.0,-0.16692198704246286,0.5833333333333334,24.0,24.0
Radnitz_2017-01-12,,30,True,False,1.7644444530232193,2.3713002048105705,2.0685058837740384,2.3713002048105705,-0.20636372414115944,0.21732765894171097,0.07682492379184769,-0.8552079450132771,-0.8552079450132771,speed_label_shuffle,,True,True,False,True,True,False,4,0.6666666666666666,66.66666666666666,50.0,50.0,0.10864504890467519,0.5833333333333334,24.0,24.0
Radnitz_2017-01-12,,31,True,True,1.7644444530232193,2.3713002048105705,2.0685058837740384,2.3713002048105705,0.20636372414115944,0.21732765894171097,0.07682492379184769,0.8552079450132771,0.07682492379184769,speed_label_shuffle,,True,True,True,True,True,True,6,1.0,100.0,50.0,50.0,-0.26090977977317853,0.75,24.0,24.0
Radnitz_2017-01-12,,32,True,True,1.7644444530232193,2.3713002048105705,2.0685058837740384,2.3713002048105705,0.20636372414115944,0.21732765894171097,0.07682492379184769,0.8552079450132771,0.07682492379184769,speed_label_shuffle,,True,True,True,True,True,True,6,1.0,100.0,50.0,50.0,-0.36431444867339197,0.5833333333333334,24.0,24.0
Radnitz_2017-01-12,,33,True,False,1.7644444530232193,2.3713002048105705,2.0685058837740384,2.3713002048105705,0.20636372414115944,-0.21732765894171097,-0.07682492379184769,0.8552079450132771,-0.21732765894171097,speed_label_shuffle,,True,True,True,False,False,True,4,0.6666666666666666,66.66666666666666,50.0,50.0,0.04886057654655207,0.5833333333333334,24.0,24.0
Radnitz_2017-01-12,,34,True,True,1.7644444530232193,2.3713002048105705,2.0685058837740384,2.3713002048105705,0.20636372414115944,0.21732765894171097,0.07682492379184769,0.8552079450132771,0.07682492379184769,speed_label_shuffle,,True,True,True,True,True,True,6,1.0,100.0,50.0,50.0,-0.44890483731650316,0.5,24.0,24.0
Radnitz_2017-01-12,,35,True,False,1.7644444530232193,2.3713002048105705,2.0685058837740384,2.3713002048105705,-0.20636372414115944,0.21732765894171097,0.07682492379184769,-0.8552079450132771,-0.8552079450132771,speed_label_shuffle,,True,True,False,True,True,False,4,0.6666666666666666,66.66666666666666,50.0,50.0,-0.011955495016512385,0.75,24.0,24.0
Radnitz_2017-01-12,,36,True,False,1.7644444530232193,2.3713002048105705,2.0685058837740384,2.3713002048105705,-0.20636372414115944,-0.21732765894171097,-0.07682492379184769,-0.8552079450132771,-0.8552079450132771,speed_label_shuffle,,True,True,False,False,False,False,2,0.3333333333333333,33.33333333333333,50.0,50.0,-0.44889194581920167,0.4166666666666667,24.0,24.0
Radnitz_2017-01-12,,37,True,False,1.7644444530232193,2.3713002048105705,2.0685058837740384,2.3713002048105705,-0.20636372414115944,-0.21732765894171097,-0.07682492379184769,-0.8552079450132771,-0.8552079450132771,speed_label_shuffle,,True,True,False,False,False,False,2,0.3333333333333333,33.33333333333333,50.0,50.0,-0.08334396669591024,0.5833333333333334,24.0,24.0
Radnitz_2017-01-12,,38,True,False,1.7644444530232193,2.3713002048105705,2.0685058837740384,2.3713002048105705,0.20636372414115944,-0.21732765894171097,-0.07682492379184769,0.8552079450132771,-0.21732765894171097,speed_label_shuffle,,True,True,True,False,False,True,4,0.6666666666666666,66.66666666666666,50.0,50.0,-0.32163809929702575,0.5833333333333334,24.0,24.0
Radnitz_2017-01-12,,39,True,False,1.7644444530232193,2.3713002048105705,2.0685058837740384,2.3713002048105705,-0.20636372414115944,0.21732765894171097,0.07682492379184769,-0.8552079450132771,-0.8552079450132771,speed_label_shuffle,,True,True,False,True,True,False,4,0.6666666666666666,66.66666666666666,50.0,50.0,0.004189588991728388,0.4166666666666667,24.0,24.0
Radnitz_2017-01-12,,40,True,False,1.7644444530232193,2.3713002048105705,2.0685058837740384,2.3713002048105705,0.20636372414115944,-0.21732765894171097,-0.07682492379184769,0.8552079450132771,-0.21732765894171097,speed_label_shuffle,,True,True,True,False,False,True,4,0.6666666666666666,66.66666666666666,50.0,50.0,-0.2713570482471297,0.6666666666666666,24.0,24.0
Radnitz_2017-01-12,,41,True,False,1.7644444530232193,2.3713002048105705,2.0685058837740384,2.3713002048105705,0.20636372414115944,-0.21732765894171097,-0.07682492379184769,0.8552079450132771,-0.21732765894171097,speed_label_shuffle,,True,True,True,False,False,True,4,0.6666666666666666,66.66666666666666,50.0,50.0,0.025924052305096132,0.75,24.0,24.0
Radnitz_2017-01-12,,42,True,True,1.7644444530232193,2.3713002048105705,2.0685058837740384,2.3713002048105705,0.20636372414115944,0.21732765894171097,0.07682492379184769,0.8552079450132771,0.07682492379184769,speed_label_shuffle,,True,True,True,True,True,True,6,1.0,100.0,50.0,50.0,-0.5699811304520722,0.5833333333333334,24.0,24.0
Radnitz_2017-01-12,,43,True,False,1.7644444530232193,2.3713002048105705,2.0685058837740384,2.3713002048105705,0.20636372414115944,-0.21732765894171097,-0.07682492379184769,0.8552079450132771,-0.21732765894171097,speed_label_shuffle,,True,True,True,False,False,True,4,0.6666666666666666,66.66666666666666,50.0,50.0,-0.270123713146629,0.4166666666666667,24.0,24.0
Radnitz_2017-01-12,,44,True,False,1.7644444530232193,2.3713002048105705,2.0685058837740384,2.3713002048105705,0.20636372414115944,-0.21732765894171097,-0.07682492379184769,0.8552079450132771,-0.21732765894171097,speed_label_shuffle,,True,True,True,False,False,True,4,0.6666666666666666,66.66666666666666,50.0,50.0,-0.2822812043564783,0.6666666666666666,24.0,24.0
Radnitz_2017-01-12,,45,True,False,1.7644444530232193,2.3713002048105705,2.0685058837740384,2.3713002048105705,0.20636372414115944,-0.21732765894171097,-0.07682492379184769,0.8552079450132771,-0.21732765894171097,speed_label_shuffle,,True,True,True,False,False,True,4,0.6666666666666666,66.66666666666666,50.0,50.0,-0.4147140232721912,0.5,24.0,24.0
Radnitz_2017-01-12,,46,True,False,1.7644444530232193,2.3713002048105705,2.0685058837740384,2.3713002048105705,-0.20636372414115944,0.21732765894171097,0.07682492379184769,-0.8552079450132771,-0.8552079450132771,speed_label_shuffle,,True,True,False,True,True,False,4,0.6666666666666666,66.66666666666666,50.0,50.0,-0.2557333040460609,0.5833333333333334,24.0,24.0
Radnitz_2017-01-12,,47,True,False,1.7644444530232193,2.3713002048105705,2.0685058837740384,2.3713002048105705,-0.20636372414115944,-0.21732765894171097,-0.07682492379184769,-0.8552079450132771,-0.8552079450132771,speed_label_shuffle,,True,True,False,False,False,False,2,0.3333333333333333,33.33333333333333,50.0,50.0,-0.11047419119116261,0.5833333333333334,24.0,24.0
Radnitz_2017-01-12,,48,True,False,1.7644444530232193,2.3713002048105705,2.0685058837740384,2.3713002048105705,-0.20636372414115944,0.21732765894171097,0.07682492379184769,-0.8552079450132771,-0.8552079450132771,speed_label_shuffle,,True,True,False,True,True,False,4,0.6666666666666666,66.66666666666666,50.0,50.0,-0.02760123372831702,0.6666666666666666,24.0,24.0
Radnitz_2017-01-12,,49,True,False,1.7644444530232193,2.3713002048105705,2.0685058837740384,2.3713002048105705,0.20636372414115944,-0.21732765894171097,-0.07682492379184769,0.8552079450132771,-0.21732765894171097,speed_label_shuffle,,True,True,True,False,False,True,4,0.6666666666666666,66.66666666666666,50.0,50.0,-0.0377458308584456,0.5833333333333334,24.0,24.0
Richards_2017-11-01,,0,True,False,1.3160453102117566,1.7163261407951156,0.8742161980165549,1.7163261407951147,0.3112301404962974,0.04600874185515645,-0.09430657451359048,0.13819703147293116,-0.09430657451359048,speed_label_shuffle,,True,True,True,True,False,True,5,0.8333333333333334,83.33333333333334,35.0,35.0,-0.051630536358788726,0.5294117647058824,68.0,68.0
Richards_2017-11-01,,1,True,False,1.3160453102117566,1.7163261407951156,0.8742161980165549,1.7163261407951147,0.3112301404962974,0.04600874185515645,-0.09430657451359048,0.13819703147293116,-0.09430657451359048,speed_label_shuffle,,True,True,True,True,False,True,5,0.8333333333333334,83.33333333333334,35.0,35.0,-0.10384836333884115,0.5882352941176471,68.0,68.0
Richards_2017-11-01,,2,True,False,1.3160453102117566,1.7163261407951156,0.8742161980165549,1.7163261407951147,0.3112301404962974,-0.04600874185515645,0.09430657451359048,0.13819703147293116,-0.04600874185515645,speed_label_shuffle,,True,True,True,False,True,True,5,0.8333333333333334,83.33333333333334,35.0,35.0,-0.027135892148693486,0.5882352941176471,68.0,68.0
Richards_2017-11-01,,3,True,False,1.3160453102117566,1.7163261407951156,0.8742161980165549,1.7163261407951147,-0.3112301404962974,0.04600874185515645,-0.09430657451359048,-0.13819703147293116,-0.3112301404962974,speed_label_shuffle,,True,True,False,True,False,False,3,0.5,50.0,35.0,35.0,-0.1816013855427684,0.5294117647058824,68.0,68.0
Richards_2017-11-01,,4,True,False,1.3160453102117566,1.7163261407951156,0.8742161980165549,1.7163261407951147,-0.3112301404962974,0.04600874185515645,-0.09430657451359048,-0.13819703147293116,-0.3112301404962974,speed_label_shuffle,,True,True,False,True,False,False,3,0.5,50.0,35.0,35.0,-0.34106397589424675,0.5588235294117647,68.0,68.0
Richards_2017-11-01,,5,True,False,1.3160453102117566,1.7163261407951156,0.8742161980165549,1.7163261407951147,0.3112301404962974,-0.04600874185515645,0.09430657451359048,0.13819703147293116,-0.04600874185515645,speed_label_shuffle,,True,True,True,False,True,True,5,0.8333333333333334,83.33333333333334,35.0,35.0,-0.09908448500286637,0.5294117647058824,68.0,68.0
Richards_2017-11-01,,6,True,False,1.3160453102117566,1.7163261407951156,0.8742161980165549,1.7163261407951147,-0.3112301404962974,0.04600874185515645,-0.09430657451359048,-0.13819703147293116,-0.3112301404962974,speed_label_shuffle,,True,True,False,True,False,False,3,0.5,50.0,35.0,35.0,-0.10885554138613332,0.5588235294117647,68.0,68.0
Richards_2017-11-01,,7,True,False,1.3160453102117566,1.7163261407951156,0.8742161980165549,1.7163261407951147,0.3112301404962974,-0.04600874185515645,0.09430657451359048,0.13819703147293116,-0.04600874185515645,speed_label_shuffle,,True,True,True,False,True,True,5,0.8333333333333334,83.33333333333334,35.0,35.0,-0.20872862263077518,0.5882352941176471,68.0,68.0
Richards_2017-11-01,,8,True,False,1.3160453102117566,1.7163261407951156,0.8742161980165549,1.7163261407951147,-0.3112301404962974,-0.04600874185515645,0.09430657451359048,-0.13819703147293116,-0.3112301404962974,speed_label_shuffle,,True,True,False,False,True,False,3,0.5,50.0,35.0,35.0,-0.009010950523171704,0.5,68.0,68.0
Richards_2017-11-01,,9,True,False,1.3160453102117566,1.7163261407951156,0.8742161980165549,1.7163261407951147,0.3112301404962974,0.04600874185515645,-0.09430657451359048,0.13819703147293116,-0.09430657451359048,speed_label_shuffle,,True,True,True,True,False,True,5,0.8333333333333334,83.33333333333334,35.0,35.0,-0.03682742611208159,0.5882352941176471,68.0,68.0
Richards_2017-11-01,,10,True,False,1.3160453102117566,1.7163261407951156,0.8742161980165549,1.7163261407951147,-0.3112301404962974,-0.04600874185515645,0.09430657451359048,-0.13819703147293116,-0.3112301404962974,speed_label_shuffle,,True,True,False,False,True,False,3,0.5,50.0,35.0,35.0,0.012572834347395326,0.5882352941176471,68.0,68.0
Richards_2017-11-01,,11,True,False,1.3160453102117566,1.7163261407951156,0.8742161980165549,1.7163261407951147,-0.3112301404962974,0.04600874185515645,-0.09430657451359048,-0.13819703147293116,-0.3112301404962974,speed_label_shuffle,,True,True,False,True,False,False,3,0.5,50.0,35.0,35.0,0.03797185158182248,0.5588235294117647,68.0,68.0
Richards_2017-11-01,,12,True,False,1.3160453102117566,1.7163261407951156,0.8742161980165549,1.7163261407951147,0.3112301404962974,-0.04600874185515645,0.09430657451359048,0.13819703147293116,-0.04600874185515645,speed_label_shuffle,,True,True,True,False,True,True,5,0.8333333333333334,83.33333333333334,35.0,35.0,-0.019201762213539624,0.5588235294117647,68.0,68.0
Richards_2017-11-01,,13,True,False,1.3160453102117566,1.7163261407951156,0.8742161980165549,1.7163261407951147,-0.3112301404962974,0.04600874185515645,-0.09430657451359048,-0.13819703147293116,-0.3112301404962974,speed_label_shuffle,,True,True,False,True,False,False,3,0.5,50.0,35.0,35.0,-0.21404482057155838,0.47058823529411764,68.0,68.0
Richards_2017-11-01,,14,True,False,1.3160453102117566,1.7163261407951156,0.8742161980165549,1.7163261407951147,0.3112301404962974,-0.04600874185515645,0.09430657451359048,0.13819703147293116,-0.04600874185515645,speed_label_shuffle,,True,True,True,False,True,True,5,0.8333333333333334,83.33333333333334,35.0,35.0,-0.09528201053878571,0.6176470588235294,68.0,68.0
Richards_2017-11-01,,15,True,False,1.3160453102117566,1.7163261407951156,0.8742161980165549,1.7163261407951147,0.3112301404962974,0.04600874185515645,-0.09430657451359048,0.13819703147293116,-0.09430657451359048,speed_label_shuffle,,True,True,True,True,False,True,5,0.8333333333333334,83.33333333333334,35.0,35.0,-0.09439166975251298,0.5588235294117647,68.0,68.0
Richards_2017-11-01,,16,True,False,1.3160453102117566,1.7163261407951156,0.8742161980165549,1.7163261407951147,-0.3112301404962974,0.04600874185515645,-0.09430657451359048,-0.13819703147293116,-0.3112301404962974,speed_label_shuffle,,True,True,False,True,False,False,3,0.5,50.0,35.0,35.0,-0.02639791249664057,0.5,68.0,68.0
Richards_2017-11-01,,17,True,False,1.3160453102117566,1.7163261407951156,0.8742161980165549,1.7163261407951147,-0.3112301404962974,-0.04600874185515645,0.09430657451359048,-0.13819703147293116,-0.3112301404962974,speed_label_shuffle,,True,True,False,False,True,False,3,0.5,50.0,35.0,35.0,-0.38153982080461046,0.5882352941176471,68.0,68.0
Richards_2017-11-01,,18,True,False,1.3160453102117566,1.7163261407951156,0.8742161980165549,1.7163261407951147,-0.3112301404962974,-0.04600874185515645,0.09430657451359048,-0.13819703147293116,-0.3112301404962974,speed_label_shuffle,,True,True,False,False,True,False,3,0.5,50.0,35.0,35.0,-0.14204989390558337,0.5,68.0,68.0
Richards_2017-11-01,,19,True,False,1.3160453102117566,1.7163261407951156,0.8742161980165549,1.7163261407951147,-0.3112301404962974,0.04600874185515645,-0.09430657451359048,-0.13819703147293116,-0.3112301404962974,speed_label_shuffle,,True,True,False,True,False,False,3,0.5,50.0,35.0,35.0,-0.10782307727722946,0.5588235294117647,68.0,68.0
Richards_2017-11-01,,20,True,False,1.3160453102117566,1.7163261407951156,0.8742161980165549,1.7163261407951147,-0.3112301404962974,0.04600874185515645,-0.09430657451359048,-0.13819703147293116,-0.3112301404962974,speed_label_shuffle,,True,True,False,True,False,False,3,0.5,50.0,35.0,35.0,-0.017852074345501914,0.5,68.0,68.0
Richards_2017-11-01,,21,True,False,1.3160453102117566,1.7163261407951156,0.8742161980165549,1.7163261407951147,0.3112301404962974,-0.04600874185515645,0.09430657451359048,0.13819703147293116,-0.04600874185515645,speed_label_shuffle,,True,True,True,False,True,True,5,0.8333333333333334,83.33333333333334,35.0,35.0,-0.27676228640371947,0.5882352941176471,68.0,68.0
Richards_2017-11-01,,22,True,False,1.3160453102117566,1.7163261407951156,0.8742161980165549,1.7163261407951147,-0.3112301404962974,0.04600874185515645,-0.09430657451359048,-0.13819703147293116,-0.3112301404962974,speed_label_shuffle,,True,True,False,True,False,False,3,0.5,50.0,35.0,35.0,-0.14734638212776724,0.5,68.0,68.0
Richards_2017-11-01,,23,True,False,1.3160453102117566,1.7163261407951156,0.8742161980165549,1.7163261407951147,0.3112301404962974,-0.04600874185515645,0.09430657451359048,0.13819703147293116,-0.04600874185515645,speed_label_shuffle,,True,True,True,False,True,True,5,0.8333333333333334,83.33333333333334,35.0,35.0,-0.06843878956972933,0.47058823529411764,68.0,68.0
Richards_2017-11-01,,24,True,False,1.3160453102117566,1.7163261407951156,0.8742161980165549,1.7163261407951147,-0.3112301404962974,0.04600874185515645,-0.09430657451359048,-0.13819703147293116,-0.3112301404962974,speed_label_shuffle,,True,True,False,True,False,False,3,0.5,50.0,35.0,35.0,-0.3145610156480878,0.5294117647058824,68.0,68.0
Richards_2017-11-01,,25,True,False,1.3160453102117566,1.7163261407951156,0.8742161980165549,1.7163261407951147,-0.3112301404962974,0.04600874185515645,-0.09430657451359048,-0.13819703147293116,-0.3112301404962974,speed_label_shuffle,,True,True,False,True,False,False,3,0.5,50.0,35.0,35.0,0.055608143788181436,0.6764705882352942,68.0,68.0
Richards_2017-11-01,,26,True,False,1.3160453102117566,1.7163261407951156,0.8742161980165549,1.7163261407951147,-0.3112301404962974,0.04600874185515645,-0.09430657451359048,-0.13819703147293116,-0.3112301404962974,speed_label_shuffle,,True,True,False,True,False,False,3,0.5,50.0,35.0,35.0,-0.2974055238471166,0.6470588235294118,68.0,68.0
Richards_2017-11-01,,27,True,False,1.3160453102117566,1.7163261407951156,0.8742161980165549,1.7163261407951147,0.3112301404962974,-0.04600874185515645,0.09430657451359048,0.13819703147293116,-0.04600874185515645,speed_label_shuffle,,True,True,True,False,True,True,5,0.8333333333333334,83.33333333333334,35.0,35.0,-0.14367004920172727,0.5588235294117647,68.0,68.0
Richards_2017-11-01,,28,True,False,1.3160453102117566,1.7163261407951156,0.8742161980165549,1.7163261407951147,-0.3112301404962974,-0.04600874185515645,0.09430657451359048,-0.13819703147293116,-0.3112301404962974,speed_label_shuffle,,True,True,False,False,True,False,3,0.5,50.0,35.0,35.0,-0.262785420753783,0.6176470588235294,68.0,68.0
Richards_2017-11-01,,29,True,False,1.3160453102117566,1.7163261407951156,0.8742161980165549,1.7163261407951147,0.3112301404962974,-0.04600874185515645,0.09430657451359048,0.13819703147293116,-0.04600874185515645,speed_label_shuffle,,True,True,True,False,True,True,5,0.8333333333333334,83.33333333333334,35.0,35.0,-0.238753853047939,0.5294117647058824,68.0,68.0
Richards_2017-11-01,,30,True,False,1.3160453102117566,1.7163261407951156,0.8742161980165549,1.7163261407951147,-0.3112301404962974,0.04600874185515645,-0.09430657451359048,-0.13819703147293116,-0.3112301404962974,speed_label_shuffle,,True,True,False,True,False,False,3,0.5,50.0,35.0,35.0,0.08051151027930689,0.5588235294117647,68.0,68.0
Richards_2017-11-01,,31,True,False,1.3160453102117566,1.7163261407951156,0.8742161980165549,1.7163261407951147,-0.3112301404962974,0.04600874185515645,-0.09430657451359048,-0.13819703147293116,-0.3112301404962974,speed_label_shuffle,,True,True,False,True,False,False,3,0.5,50.0,35.0,35.0,-0.23619018392128677,0.47058823529411764,68.0,68.0
Richards_2017-11-01,,32,True,False,1.3160453102117566,1.7163261407951156,0.8742161980165549,1.7163261407951147,0.3112301404962974,-0.04600874185515645,0.09430657451359048,0.13819703147293116,-0.04600874185515645,speed_label_shuffle,,True,True,True,False,True,True,5,0.8333333333333334,83.33333333333334,35.0,35.0,-0.09496508141569351,0.5588235294117647,68.0,68.0
Richards_2017-11-01,,33,True,False,1.3160453102117566,1.7163261407951156,0.8742161980165549,1.7163261407951147,-0.3112301404962974,-0.04600874185515645,0.09430657451359048,-0.13819703147293116,-0.3112301404962974,speed_label_shuffle,,True,True,False,False,True,False,3,0.5,50.0,35.0,35.0,-0.07234656376988217,0.5,68.0,68.0
Richards_2017-11-01,,34,True,False,1.3160453102117566,1.7163261407951156,0.8742161980165549,1.7163261407951147,-0.3112301404962974,0.04600874185515645,-0.09430657451359048,-0.13819703147293116,-0.3112301404962974,speed_label_shuffle,,True,True,False,True,False,False,3,0.5,50.0,35.0,35.0,-0.24454293968793267,0.5,68.0,68.0
Richards_2017-11-01,,35,True,False,1.3160453102117566,1.7163261407951156,0.8742161980165549,1.7163261407951147,0.3112301404962974,-0.04600874185515645,0.09430657451359048,0.13819703147293116,-0.04600874185515645,speed_label_shuffle,,True,True,True,False,True,True,5,0.8333333333333334,83.33333333333334,35.0,35.0,-0.14266126148710762,0.7352941176470589,68.0,68.0
Richards_2017-11-01,,36,True,False,1.3160453102117566,1.7163261407951156,0.8742161980165549,1.7163261407951147,0.3112301404962974,-0.04600874185515645,0.09430657451359048,0.13819703147293116,-0.04600874185515645,speed_label_shuffle,,True,True,True,False,True,True,5,0.8333333333333334,83.33333333333334,35.0,35.0,-0.20448471768024187,0.5294117647058824,68.0,68.0
Richards_2017-11-01,,37,True,False,1.3160453102117566,1.7163261407951156,0.8742161980165549,1.7163261407951147,0.3112301404962974,0.04600874185515645,-0.09430657451359048,0.13819703147293116,-0.09430657451359048,speed_label_shuffle,,True,True,True,True,False,True,5,0.8333333333333334,83.33333333333334,35.0,35.0,0.014810359762867605,0.5588235294117647,68.0,68.0
Richards_2017-11-01,,38,True,False,1.3160453102117566,1.7163261407951156,0.8742161980165549,1.7163261407951147,-0.3112301404962974,0.04600874185515645,-0.09430657451359048,-0.13819703147293116,-0.3112301404962974,speed_label_shuffle,,True,True,False,True,False,False,3,0.5,50.0,35.0,35.0,0.10267444282769558,0.5,68.0,68.0
Richards_2017-11-01,,39,True,False,1.3160453102117566,1.7163261407951156,0.8742161980165549,1.7163261407951147,-0.3112301404962974,0.04600874185515645,-0.09430657451359048,-0.13819703147293116,-0.3112301404962974,speed_label_shuffle,,True,True,False,True,False,False,3,0.5,50.0,35.0,35.0,-0.08514169622947054,0.6470588235294118,68.0,68.0
Richards_2017-11-01,,40,True,False,1.3160453102117566,1.7163261407951156,0.8742161980165549,1.7163261407951147,0.3112301404962974,0.04600874185515645,-0.09430657451359048,0.13819703147293116,-0.09430657451359048,speed_label_shuffle,,True,True,True,True,False,True,5,0.8333333333333334,83.33333333333334,35.0,35.0,-0.0060898345599158105,0.5294117647058824,68.0,68.0
Richards_2017-11-01,,41,True,False,1.3160453102117566,1.7163261407951156,0.8742161980165549,1.7163261407951147,0.3112301404962974,-0.04600874185515645,0.09430657451359048,0.13819703147293116,-0.04600874185515645,speed_label_shuffle,,True,True,True,False,True,True,5,0.8333333333333334,83.33333333333334,35.0,35.0,-0.29672538383015445,0.6176470588235294,68.0,68.0
Richards_2017-11-01,,42,True,False,1.3160453102117566,1.7163261407951156,0.8742161980165549,1.7163261407951147,-0.3112301404962974,0.04600874185515645,-0.09430657451359048,-0.13819703147293116,-0.3112301404962974,speed_label_shuffle,,True,True,False,True,False,False,3,0.5,50.0,35.0,35.0,-0.3465438708277354,0.5882352941176471,68.0,68.0
Richards_2017-11-01,,43,True,False,1.3160453102117566,1.7163261407951156,0.8742161980165549,1.7163261407951147,-0.3112301404962974,0.04600874185515645,-0.09430657451359048,-0.13819703147293116,-0.3112301404962974,speed_label_shuffle,,True,True,False,True,False,False,3,0.5,50.0,35.0,35.0,-0.3049598892496524,0.5882352941176471,68.0,68.0
Richards_2017-11-01,,44,True,False,1.3160453102117566,1.7163261407951156,0.8742161980165549,1.7163261407951147,0.3112301404962974,-0.04600874185515645,0.09430657451359048,0.13819703147293116,-0.04600874185515645,speed_label_shuffle,,True,True,True,False,True,True,5,0.8333333333333334,83.33333333333334,35.0,35.0,-0.12161973160434361,0.5,68.0,68.0
Richards_2017-11-01,,45,True,False,1.3160453102117566,1.7163261407951156,0.8742161980165549,1.7163261407951147,0.3112301404962974,-0.04600874185515645,0.09430657451359048,0.13819703147293116,-0.04600874185515645,speed_label_shuffle,,True,True,True,False,True,True,5,0.8333333333333334,83.33333333333334,35.0,35.0,-0.07920740412395802,0.5588235294117647,68.0,68.0
Richards_2017-11-01,,46,True,False,1.3160453102117566,1.7163261407951156,0.8742161980165549,1.7163261407951147,-0.3112301404962974,0.04600874185515645,-0.09430657451359048,-0.13819703147293116,-0.3112301404962974,speed_label_shuffle,,True,True,False,True,False,False,3,0.5,50.0,35.0,35.0,-0.14395370289773085,0.5882352941176471,68.0,68.0
Richards_2017-11-01,,47,True,False,1.3160453102117566,1.7163261407951156,0.8742161980165549,1.7163261407951147,0.3112301404962974,-0.04600874185515645,0.09430657451359048,0.13819703147293116,-0.04600874185515645,speed_label_shuffle,,True,True,True,False,True,True,5,0.8333333333333334,83.33333333333334,35.0,35.0,0.05323363136103265,0.7058823529411765,68.0,68.0
Richards_2017-11-01,,48,True,False,1.3160453102117566,1.7163261407951156,0.8742161980165549,1.7163261407951147,-0.3112301404962974,0.04600874185515645,-0.09430657451359048,-0.13819703147293116,-0.3112301404962974,speed_label_shuffle,,True,True,False,True,False,False,3,0.5,50.0,35.0,35.0,-0.04927007896198614,0.5294117647058824,68.0,68.0
Richards_2017-11-01,,49,True,False,1.3160453102117566,1.7163261407951156,0.8742161980165549,1.7163261407951147,-0.3112301404962974,-0.04600874185515645,0.09430657451359048,-0.13819703147293116,-0.3112301404962974,speed_label_shuffle,,True,True,False,False,True,False,3,0.5,50.0,35.0,35.0,-0.23942757023782962,0.6176470588235294,68.0,68.0
